,pi_pos01,pi_pos02,pi_pos03,pi_pos04,pi_pos05,pi_pos06,pi_pos07,pi_pos08,pi_pos09,pi_pos10,tt_01,tt_02,tt_03,tt_04,tt_05,tt_06,tt_07,tt_08,tt_09,tt_10
0,0.1,0.1,0.1,0.1,0.1,0.1,0.1,0.1,0.1,0.1,0.0,0.1,0.2,0.30000000000000004,0.4,0.5,0.6000000000000001,0.7000000000000001,0.8,0.9
1,0.1,0.2,0.2,0.2,0.2,0.2,0.2,0.2,0.2,0.2,0.0,0.1,0.2,0.30000000000000004,0.4,0.5,0.6000000000000001,0.7000000000000001,0.8,0.9
2,0.1,0.3,0.3,0.3,0.3,0.3,0.3,0.3,0.3,0.3,0.0,0.1,0.2,0.30000000000000004,0.4,0.5,0.6000000000000001,0.7000000000000001,0.8,0.9
3,0.1,0.4,0.4,0.4,0.4,0.4,0.4,0.4,0.4,0.4,0.0,0.1,0.2,0.30000000000000004,0.4,0.5,0.6000000000000001,0.7000000000000001,0.8,0.9
4,0.1,0.5,0.5,0.5,0.5,0.5,0.5,0.5,0.5,0.5,0.0,0.1,0.2,0.30000000000000004,0.4,0.5,0.6000000000000001,0.7000000000000001,0.8,0.9
5,0.1,0.6,0.6,0.6,0.6,0.6,0.6,0.6,0.6,0.6,0.0,0.1,0.2,0.30000000000000004,0.4,0.5,0.6000000000000001,0.7000000000000001,0.8,0.9
6,0.1,0.7,0.7,0.7,0.7,0.7,0.7,0.7,0.7,0.7,0.0,0.1,0.2,0.30000000000000004,0.4,0.5,0.6000000000000001,0.7000000000000001,0.8,0.9
7,0.1,0.8,0.8,0.8,0.8,0.8,0.8,0.8,0.8,0.8,0.0,0.1,0.2,0.30000000000000004,0.4,0.5,0.6000000000000001,0.7000000000000001,0.8,0.9
8,0.1,0.9,0.9,0.9,0.9,0.9,0.9,0.9,0.9,0.9,0.0,0.1,0.2,0.30000000000000004,0.4,0.5,0.6000000000000001,0.7000000000000001,0.8,0.9
9,0.2,0.1,0.1,0.1,0.1,0.1,0.1,0.1,0.1,0.1,0.0,0.1,0.2,0.30000000000000004,0.4,0.5,0.6000000000000001,0.7000000000000001,0.8,0.9
10,0.2,0.2,0.2,0.2,0.2,0.2,0.2,0.2,0.2,0.2,0.0,0.1,0.2,0.30000000000000004,0.4,0.5,0.6000000000000001,0.7000000000000001,0.8,0.9
11,0.2,0.3,0.3,0.3,0.3,0.3,0.3,0.3,0.3,0.3,0.0,0.1,0.2,0.30000000000000004,0.4,0.5,0.6000000000000001,0.7000000000000001,0.8,0.9
12,0.2,0.4,0.4,0.4,0.4,0.4,0.4,0.4,0.4,0.4,0.0,0.1,0.2,0.30000000000000004,0.4,0.5,0.6000000000000001,0.7000000000000001,0.8,0.9
13,0.2,0.5,0.5,0.5,0.5,0.5,0.5,0.5,0.5,0.5,0.0,0.1,0.2,0.30000000000000004,0.4,0.5,0.6000000000000001,0.7000000000000001,0.8,0.9
14,0.2,0.6,0.6,0.6,0.6,0.6,0.6,0.6,0.6,0.6,0.0,0.1,0.2,0.30000000000000004,0.4,0.5,0.6000000000000001,0.7000000000000001,0.8,0.9
15,0.2,0.7,0.7,0.7,0.7,0.7,0.7,0.7,0.7,0.7,0.0,0.1,0.2,0.30000000000000004,0.4,0.5,0.6000000000000001,0.7000000000000001,0.8,0.9
16,0.2,0.8,0.8,0.8,0.8,0.8,0.8,0.8,0.8,0.8,0.0,0.1,0.2,0.30000000000000004,0.4,0.5,0.6000000000000001,0.7000000000000001,0.8,0.9
17,0.2,0.9,0.9,0.9,0.9,0.9,0.9,0.9,0.9,0.9,0.0,0.1,0.2,0.30000000000000004,0.4,0.5,0.6000000000000001,0.7000000000000001,0.8,0.9
18,0.3,0.1,0.1,0.1,0.1,0.1,0.1,0.1,0.1,0.1,0.0,0.1,0.2,0.30000000000000004,0.4,0.5,0.6000000000000001,0.7000000000000001,0.8,0.9
19,0.3,0.2,0.2,0.2,0.2,0.2,0.2,0.2,0.2,0.2,0.0,0.1,0.2,0.30000000000000004,0.4,0.5,0.6000000000000001,0.7000000000000001,0.8,0.9
20,0.3,0.3,0.3,0.3,0.3,0.3,0.3,0.3,0.3,0.3,0.0,0.1,0.2,0.30000000000000004,0.4,0.5,0.6000000000000001,0.7000000000000001,0.8,0.9
21,0.3,0.4,0.4,0.4,0.4,0.4,0.4,0.4,0.4,0.4,0.0,0.1,0.2,0.30000000000000004,0.4,0.5,0.6000000000000001,0.7000000000000001,0.8,0.9
22,0.3,0.5,0.5,0.5,0.5,0.5,0.5,0.5,0.5,0.5,0.0,0.1,0.2,0.30000000000000004,0.4,0.5,0.6000000000000001,0.7000000000000001,0.8,0.9
23,0.3,0.6,0.6,0.6,0.6,0.6,0.6,0.6,0.6,0.6,0.0,0.1,0.2,0.30000000000000004,0.4,0.5,0.6000000000000001,0.7000000000000001,0.8,0.9
24,0.3,0.7,0.7,0.7,0.7,0.7,0.7,0.7,0.7,0.7,0.0,0.1,0.2,0.30000000000000004,0.4,0.5,0.6000000000000001,0.7000000000000001,0.8,0.9
25,0.3,0.8,0.8,0.8,0.8,0.8,0.8,0.8,0.8,0.8,0.0,0.1,0.2,0.30000000000000004,0.4,0.5,0.6000000000000001,0.7000000000000001,0.8,0.9
26,0.3,0.9,0.9,0.9,0.9,0.9,0.9,0.9,0.9,0.9,0.0,0.1,0.2,0.30000000000000004,0.4,0.5,0.6000000000000001,0.7000000000000001,0.8,0.9
27,0.4,0.1,0.1,0.1,0.1,0.1,0.1,0.1,0.1,0.1,0.0,0.1,0.2,0.30000000000000004,0.4,0.5,0.6000000000000001,0.7000000000000001,0.8,0.9
28,0.4,0.2,0.2,0.2,0.2,0.2,0.2,0.2,0.2,0.2,0.0,0.1,0.2,0.30000000000000004,0.4,0.5,0.6000000000000001,0.7000000000000001,0.8,0.9
29,0.4,0.3,0.3,0.3,0.3,0.3,0.3,0.3,0.3,0.3,0.0,0.1,0.2,0.30000000000000004,0.4,0.5,0.6000000000000001,0.7000000000000001,0.8,0.9
30,0.4,0.4,0.4,0.4,0.4,0.4,0.4,0.4,0.4,0.4,0.0,0.1,0.2,0.30000000000000004,0.4,0.5,0.6000000000000001,0.7000000000000001,0.8,0.9
31,0.4,0.5,0.5,0.5,0.5,0.5,0.5,0.5,0.5,0.5,0.0,0.1,0.2,0.30000000000000004,0.4,0.5,0.6000000000000001,0.7000000000000001,0.8,0.9
32,0.4,0.6,0.6,0.6,0.6,0.6,0.6,0.6,0.6,0.6,0.0,0.1,0.2,0.30000000000000004,0.4,0.5,0.6000000000000001,0.7000000000000001,0.8,0.9
33,0.4,0.7,0.7,0.7,0.7,0.7,0.7,0.7,0.7,0.7,0.0,0.1,0.2,0.30000000000000004,0.4,0.5,0.6000000000000001,0.7000000000000001,0.8,0.9
34,0.4,0.8,0.8,0.8,0.8,0.8,0.8,0.8,0.8,0.8,0.0,0.1,0.2,0.30000000000000004,0.4,0.5,0.6000000000000001,0.7000000000000001,0.8,0.9
35,0.4,0.9,0.9,0.9,0.9,0.9,0.9,0.9,0.9,0.9,0.0,0.1,0.2,0.30000000000000004,0.4,0.5,0.6000000000000001,0.7000000000000001,0.8,0.9
36,0.5,0.1,0.1,0.1,0.1,0.1,0.1,0.1,0.1,0.1,0.0,0.1,0.2,0.30000000000000004,0.4,0.5,0.6000000000000001,0.7000000000000001,0.8,0.9
37,0.5,0.2,0.2,0.2,0.2,0.2,0.2,0.2,0.2,0.2,0.0,0.1,0.2,0.30000000000000004,0.4,0.5,0.6000000000000001,0.7000000000000001,0.8,0.9
38,0.5,0.3,0.3,0.3,0.3,0.3,0.3,0.3,0.3,0.3,0.0,0.1,0.2,0.30000000000000004,0.4,0.5,0.6000000000000001,0.7000000000000001,0.8,0.9
39,0.5,0.4,0.4,0.4,0.4,0.4,0.4,0.4,0.4,0.4,0.0,0.1,0.2,0.30000000000000004,0.4,0.5,0.6000000000000001,0.7000000000000001,0.8,0.9
40,0.5,0.5,0.5,0.5,0.5,0.5,0.5,0.5,0.5,0.5,0.0,0.1,0.2,0.30000000000000004,0.4,0.5,0.6000000000000001,0.7000000000000001,0.8,0.9
41,0.5,0.6,0.6,0.6,0.6,0.6,0.6,0.6,0.6,0.6,0.0,0.1,0.2,0.30000000000000004,0.4,0.5,0.6000000000000001,0.7000000000000001,0.8,0.9
42,0.5,0.7,0.7,0.7,0.7,0.7,0.7,0.7,0.7,0.7,0.0,0.1,0.2,0.30000000000000004,0.4,0.5,0.6000000000000001,0.7000000000000001,0.8,0.9
43,0.5,0.8,0.8,0.8,0.8,0.8,0.8,0.8,0.8,0.8,0.0,0.1,0.2,0.30000000000000004,0.4,0.5,0.6000000000000001,0.7000000000000001,0.8,0.9
44,0.5,0.9,0.9,0.9,0.9,0.9,0.9,0.9,0.9,0.9,0.0,0.1,0.2,0.30000000000000004,0.4,0.5,0.6000000000000001,0.7000000000000001,0.8,0.9
45,0.6,0.1,0.1,0.1,0.1,0.1,0.1,0.1,0.1,0.1,0.0,0.1,0.2,0.30000000000000004,0.4,0.5,0.6000000000000001,0.7000000000000001,0.8,0.9
46,0.6,0.2,0.2,0.2,0.2,0.2,0.2,0.2,0.2,0.2,0.0,0.1,0.2,0.30000000000000004,0.4,0.5,0.6000000000000001,0.7000000000000001,0.8,0.9
47,0.6,0.3,0.3,0.3,0.3,0.3,0.3,0.3,0.3,0.3,0.0,0.1,0.2,0.30000000000000004,0.4,0.5,0.6000000000000001,0.7000000000000001,0.8,0.9
48,0.6,0.4,0.4,0.4,0.4,0.4,0.4,0.4,0.4,0.4,0.0,0.1,0.2,0.30000000000000004,0.4,0.5,0.6000000000000001,0.7000000000000001,0.8,0.9
49,0.6,0.5,0.5,0.5,0.5,0.5,0.5,0.5,0.5,0.5,0.0,0.1,0.2,0.30000000000000004,0.4,0.5,0.6000000000000001,0.7000000000000001,0.8,0.9
50,0.6,0.6,0.6,0.6,0.6,0.6,0.6,0.6,0.6,0.6,0.0,0.1,0.2,0.30000000000000004,0.4,0.5,0.6000000000000001,0.7000000000000001,0.8,0.9
51,0.6,0.7,0.7,0.7,0.7,0.7,0.7,0.7,0.7,0.7,0.0,0.1,0.2,0.30000000000000004,0.4,0.5,0.6000000000000001,0.7000000000000001,0.8,0.9
52,0.6,0.8,0.8,0.8,0.8,0.8,0.8,0.8,0.8,0.8,0.0,0.1,0.2,0.30000000000000004,0.4,0.5,0.6000000000000001,0.7000000000000001,0.8,0.9
53,0.6,0.9,0.9,0.9,0.9,0.9,0.9,0.9,0.9,0.9,0.0,0.1,0.2,0.30000000000000004,0.4,0.5,0.6000000000000001,0.7000000000000001,0.8,0.9
54,0.7,0.1,0.1,0.1,0.1,0.1,0.1,0.1,0.1,0.1,0.0,0.1,0.2,0.30000000000000004,0.4,0.5,0.6000000000000001,0.7000000000000001,0.8,0.9
55,0.7,0.2,0.2,0.2,0.2,0.2,0.2,0.2,0.2,0.2,0.0,0.1,0.2,0.30000000000000004,0.4,0.5,0.6000000000000001,0.7000000000000001,0.8,0.9
56,0.7,0.3,0.3,0.3,0.3,0.3,0.3,0.3,0.3,0.3,0.0,0.1,0.2,0.30000000000000004,0.4,0.5,0.6000000000000001,0.7000000000000001,0.8,0.9
57,0.7,0.4,0.4,0.4,0.4,0.4,0.4,0.4,0.4,0.4,0.0,0.1,0.2,0.30000000000000004,0.4,0.5,0.6000000000000001,0.7000000000000001,0.8,0.9
58,0.7,0.5,0.5,0.5,0.5,0.5,0.5,0.5,0.5,0.5,0.0,0.1,0.2,0.30000000000000004,0.4,0.5,0.6000000000000001,0.7000000000000001,0.8,0.9
59,0.7,0.6,0.6,0.6,0.6,0.6,0.6,0.6,0.6,0.6,0.0,0.1,0.2,0.30000000000000004,0.4,0.5,0.6000000000000001,0.7000000000000001,0.8,0.9
60,0.7,0.7,0.7,0.7,0.7,0.7,0.7,0.7,0.7,0.7,0.0,0.1,0.2,0.30000000000000004,0.4,0.5,0.6000000000000001,0.7000000000000001,0.8,0.9
61,0.7,0.8,0.8,0.8,0.8,0.8,0.8,0.8,0.8,0.8,0.0,0.1,0.2,0.30000000000000004,0.4,0.5,0.6000000000000001,0.7000000000000001,0.8,0.9
62,0.7,0.9,0.9,0.9,0.9,0.9,0.9,0.9,0.9,0.9,0.0,0.1,0.2,0.30000000000000004,0.4,0.5,0.6000000000000001,0.7000000000000001,0.8,0.9
63,0.8,0.1,0.1,0.1,0.1,0.1,0.1,0.1,0.1,0.1,0.0,0.1,0.2,0.30000000000000004,0.4,0.5,0.6000000000000001,0.7000000000000001,0.8,0.9
64,0.8,0.2,0.2,0.2,0.2,0.2,0.2,0.2,0.2,0.2,0.0,0.1,0.2,0.30000000000000004,0.4,0.5,0.6000000000000001,0.7000000000000001,0.8,0.9
65,0.8,0.3,0.3,0.3,0.3,0.3,0.3,0.3,0.3,0.3,0.0,0.1,0.2,0.30000000000000004,0.4,0.5,0.6000000000000001,0.7000000000000001,0.8,0.9
66,0.8,0.4,0.4,0.4,0.4,0.4,0.4,0.4,0.4,0.4,0.0,0.1,0.2,0.30000000000000004,0.4,0.5,0.6000000000000001,0.7000000000000001,0.8,0.9
67,0.8,0.5,0.5,0.5,0.5,0.5,0.5,0.5,0.5,0.5,0.0,0.1,0.2,0.30000000000000004,0.4,0.5,0.6000000000000001,0.7000000000000001,0.8,0.9
68,0.8,0.6,0.6,0.6,0.6,0.6,0.6,0.6,0.6,0.6,0.0,0.1,0.2,0.30000000000000004,0.4,0.5,0.6000000000000001,0.7000000000000001,0.8,0.9
69,0.8,0.7,0.7,0.7,0.7,0.7,0.7,0.7,0.7,0.7,0.0,0.1,0.2,0.30000000000000004,0.4,0.5,0.6000000000000001,0.7000000000000001,0.8,0.9
70,0.8,0.8,0.8,0.8,0.8,0.8,0.8,0.8,0.8,0.8,0.0,0.1,0.2,0.30000000000000004,0.4,0.5,0.6000000000000001,0.7000000000000001,0.8,0.9
71,0.8,0.9,0.9,0.9,0.9,0.9,0.9,0.9,0.9,0.9,0.0,0.1,0.2,0.30000000000000004,0.4,0.5,0.6000000000000001,0.7000000000000001,0.8,0.9
72,0.9,0.1,0.1,0.1,0.1,0.1,0.1,0.1,0.1,0.1,0.0,0.1,0.2,0.30000000000000004,0.4,0.5,0.6000000000000001,0.7000000000000001,0.8,0.9
73,0.9,0.2,0.2,0.2,0.2,0.2,0.2,0.2,0.2,0.2,0.0,0.1,0.2,0.30000000000000004,0.4,0.5,0.6000000000000001,0.7000000000000001,0.8,0.9
74,0.9,0.3,0.3,0.3,0.3,0.3,0.3,0.3,0.3,0.3,0.0,0.1,0.2,0.30000000000000004,0.4,0.5,0.6000000000000001,0.7000000000000001,0.8,0.9
75,0.9,0.4,0.4,0.4,0.4,0.4,0.4,0.4,0.4,0.4,0.0,0.1,0.2,0.30000000000000004,0.4,0.5,0.6000000000000001,0.7000000000000001,0.8,0.9
76,0.9,0.5,0.5,0.5,0.5,0.5,0.5,0.5,0.5,0.5,0.0,0.1,0.2,0.30000000000000004,0.4,0.5,0.6000000000000001,0.7000000000000001,0.8,0.9
77,0.9,0.6,0.6,0.6,0.6,0.6,0.6,0.6,0.6,0.6,0.0,0.1,0.2,0.30000000000000004,0.4,0.5,0.6000000000000001,0.7000000000000001,0.8,0.9
78,0.9,0.7,0.7,0.7,0.7,0.7,0.7,0.7,0.7,0.7,0.0,0.1,0.2,0.30000000000000004,0.4,0.5,0.6000000000000001,0.7000000000000001,0.8,0.9
79,0.9,0.8,0.8,0.8,0.8,0.8,0.8,0.8,0.8,0.8,0.0,0.1,0.2,0.30000000000000004,0.4,0.5,0.6000000000000001,0.7000000000000001,0.8,0.9
80,0.9,0.9,0.9,0.9,0.9,0.9,0.9,0.9,0.9,0.9,0.0,0.1,0.2,0.30000000000000004,0.4,0.5,0.6000000000000001,0.7000000000000001,0.8,0.9
81,0.1,0.1,0.1,0.1,0.1,0.1,0.1,0.1,0.1,0.1,0.0,0.1,0.2,0.30000000000000004,0.4,0.5,0.6000000000000001,0.7000000000000001,0.8,0.9
82,0.1,0.1,0.2,0.2,0.2,0.2,0.2,0.2,0.2,0.2,0.0,0.1,0.2,0.30000000000000004,0.4,0.5,0.6000000000000001,0.7000000000000001,0.8,0.9
83,0.1,0.1,0.3,0.3,0.3,0.3,0.3,0.3,0.3,0.3,0.0,0.1,0.2,0.30000000000000004,0.4,0.5,0.6000000000000001,0.7000000000000001,0.8,0.9
84,0.1,0.1,0.4,0.4,0.4,0.4,0.4,0.4,0.4,0.4,0.0,0.1,0.2,0.30000000000000004,0.4,0.5,0.6000000000000001,0.7000000000000001,0.8,0.9
85,0.1,0.1,0.5,0.5,0.5,0.5,0.5,0.5,0.5,0.5,0.0,0.1,0.2,0.30000000000000004,0.4,0.5,0.6000000000000001,0.7000000000000001,0.8,0.9
86,0.1,0.1,0.6,0.6,0.6,0.6,0.6,0.6,0.6,0.6,0.0,0.1,0.2,0.30000000000000004,0.4,0.5,0.6000000000000001,0.7000000000000001,0.8,0.9
87,0.1,0.1,0.7,0.7,0.7,0.7,0.7,0.7,0.7,0.7,0.0,0.1,0.2,0.30000000000000004,0.4,0.5,0.6000000000000001,0.7000000000000001,0.8,0.9
88,0.1,0.1,0.8,0.8,0.8,0.8,0.8,0.8,0.8,0.8,0.0,0.1,0.2,0.30000000000000004,0.4,0.5,0.6000000000000001,0.7000000000000001,0.8,0.9
89,0.1,0.1,0.9,0.9,0.9,0.9,0.9,0.9,0.9,0.9,0.0,0.1,0.2,0.30000000000000004,0.4,0.5,0.6000000000000001,0.7000000000000001,0.8,0.9
90,0.2,0.2,0.1,0.1,0.1,0.1,0.1,0.1,0.1,0.1,0.0,0.1,0.2,0.30000000000000004,0.4,0.5,0.6000000000000001,0.7000000000000001,0.8,0.9
91,0.2,0.2,0.2,0.2,0.2,0.2,0.2,0.2,0.2,0.2,0.0,0.1,0.2,0.30000000000000004,0.4,0.5,0.6000000000000001,0.7000000000000001,0.8,0.9
92,0.2,0.2,0.3,0.3,0.3,0.3,0.3,0.3,0.3,0.3,0.0,0.1,0.2,0.30000000000000004,0.4,0.5,0.6000000000000001,0.7000000000000001,0.8,0.9
93,0.2,0.2,0.4,0.4,0.4,0.4,0.4,0.4,0.4,0.4,0.0,0.1,0.2,0.30000000000000004,0.4,0.5,0.6000000000000001,0.7000000000000001,0.8,0.9
94,0.2,0.2,0.5,0.5,0.5,0.5,0.5,0.5,0.5,0.5,0.0,0.1,0.2,0.30000000000000004,0.4,0.5,0.6000000000000001,0.7000000000000001,0.8,0.9
95,0.2,0.2,0.6,0.6,0.6,0.6,0.6,0.6,0.6,0.6,0.0,0.1,0.2,0.30000000000000004,0.4,0.5,0.6000000000000001,0.7000000000000001,0.8,0.9
96,0.2,0.2,0.7,0.7,0.7,0.7,0.7,0.7,0.7,0.7,0.0,0.1,0.2,0.30000000000000004,0.4,0.5,0.6000000000000001,0.7000000000000001,0.8,0.9
97,0.2,0.2,0.8,0.8,0.8,0.8,0.8,0.8,0.8,0.8,0.0,0.1,0.2,0.30000000000000004,0.4,0.5,0.6000000000000001,0.7000000000000001,0.8,0.9
98,0.2,0.2,0.9,0.9,0.9,0.9,0.9,0.9,0.9,0.9,0.0,0.1,0.2,0.30000000000000004,0.4,0.5,0.6000000000000001,0.7000000000000001,0.8,0.9
99,0.3,0.3,0.1,0.1,0.1,0.1,0.1,0.1,0.1,0.1,0.0,0.1,0.2,0.30000000000000004,0.4,0.5,0.6000000000000001,0.7000000000000001,0.8,0.9
100,0.3,0.3,0.2,0.2,0.2,0.2,0.2,0.2,0.2,0.2,0.0,0.1,0.2,0.30000000000000004,0.4,0.5,0.6000000000000001,0.7000000000000001,0.8,0.9
101,0.3,0.3,0.3,0.3,0.3,0.3,0.3,0.3,0.3,0.3,0.0,0.1,0.2,0.30000000000000004,0.4,0.5,0.6000000000000001,0.7000000000000001,0.8,0.9
102,0.3,0.3,0.4,0.4,0.4,0.4,0.4,0.4,0.4,0.4,0.0,0.1,0.2,0.30000000000000004,0.4,0.5,0.6000000000000001,0.7000000000000001,0.8,0.9
103,0.3,0.3,0.5,0.5,0.5,0.5,0.5,0.5,0.5,0.5,0.0,0.1,0.2,0.30000000000000004,0.4,0.5,0.6000000000000001,0.7000000000000001,0.8,0.9
104,0.3,0.3,0.6,0.6,0.6,0.6,0.6,0.6,0.6,0.6,0.0,0.1,0.2,0.30000000000000004,0.4,0.5,0.6000000000000001,0.7000000000000001,0.8,0.9
105,0.3,0.3,0.7,0.7,0.7,0.7,0.7,0.7,0.7,0.7,0.0,0.1,0.2,0.30000000000000004,0.4,0.5,0.6000000000000001,0.7000000000000001,0.8,0.9
106,0.3,0.3,0.8,0.8,0.8,0.8,0.8,0.8,0.8,0.8,0.0,0.1,0.2,0.30000000000000004,0.4,0.5,0.6000000000000001,0.7000000000000001,0.8,0.9
107,0.3,0.3,0.9,0.9,0.9,0.9,0.9,0.9,0.9,0.9,0.0,0.1,0.2,0.30000000000000004,0.4,0.5,0.6000000000000001,0.7000000000000001,0.8,0.9
108,0.4,0.4,0.1,0.1,0.1,0.1,0.1,0.1,0.1,0.1,0.0,0.1,0.2,0.30000000000000004,0.4,0.5,0.6000000000000001,0.7000000000000001,0.8,0.9
109,0.4,0.4,0.2,0.2,0.2,0.2,0.2,0.2,0.2,0.2,0.0,0.1,0.2,0.30000000000000004,0.4,0.5,0.6000000000000001,0.7000000000000001,0.8,0.9
110,0.4,0.4,0.3,0.3,0.3,0.3,0.3,0.3,0.3,0.3,0.0,0.1,0.2,0.30000000000000004,0.4,0.5,0.6000000000000001,0.7000000000000001,0.8,0.9
111,0.4,0.4,0.4,0.4,0.4,0.4,0.4,0.4,0.4,0.4,0.0,0.1,0.2,0.30000000000000004,0.4,0.5,0.6000000000000001,0.7000000000000001,0.8,0.9
112,0.4,0.4,0.5,0.5,0.5,0.5,0.5,0.5,0.5,0.5,0.0,0.1,0.2,0.30000000000000004,0.4,0.5,0.6000000000000001,0.7000000000000001,0.8,0.9
113,0.4,0.4,0.6,0.6,0.6,0.6,0.6,0.6,0.6,0.6,0.0,0.1,0.2,0.30000000000000004,0.4,0.5,0.6000000000000001,0.7000000000000001,0.8,0.9
114,0.4,0.4,0.7,0.7,0.7,0.7,0.7,0.7,0.7,0.7,0.0,0.1,0.2,0.30000000000000004,0.4,0.5,0.6000000000000001,0.7000000000000001,0.8,0.9
115,0.4,0.4,0.8,0.8,0.8,0.8,0.8,0.8,0.8,0.8,0.0,0.1,0.2,0.30000000000000004,0.4,0.5,0.6000000000000001,0.7000000000000001,0.8,0.9
116,0.4,0.4,0.9,0.9,0.9,0.9,0.9,0.9,0.9,0.9,0.0,0.1,0.2,0.30000000000000004,0.4,0.5,0.6000000000000001,0.7000000000000001,0.8,0.9
117,0.5,0.5,0.1,0.1,0.1,0.1,0.1,0.1,0.1,0.1,0.0,0.1,0.2,0.30000000000000004,0.4,0.5,0.6000000000000001,0.7000000000000001,0.8,0.9
118,0.5,0.5,0.2,0.2,0.2,0.2,0.2,0.2,0.2,0.2,0.0,0.1,0.2,0.30000000000000004,0.4,0.5,0.6000000000000001,0.7000000000000001,0.8,0.9
119,0.5,0.5,0.3,0.3,0.3,0.3,0.3,0.3,0.3,0.3,0.0,0.1,0.2,0.30000000000000004,0.4,0.5,0.6000000000000001,0.7000000000000001,0.8,0.9
120,0.5,0.5,0.4,0.4,0.4,0.4,0.4,0.4,0.4,0.4,0.0,0.1,0.2,0.30000000000000004,0.4,0.5,0.6000000000000001,0.7000000000000001,0.8,0.9
121,0.5,0.5,0.5,0.5,0.5,0.5,0.5,0.5,0.5,0.5,0.0,0.1,0.2,0.30000000000000004,0.4,0.5,0.6000000000000001,0.7000000000000001,0.8,0.9
122,0.5,0.5,0.6,0.6,0.6,0.6,0.6,0.6,0.6,0.6,0.0,0.1,0.2,0.30000000000000004,0.4,0.5,0.6000000000000001,0.7000000000000001,0.8,0.9
123,0.5,0.5,0.7,0.7,0.7,0.7,0.7,0.7,0.7,0.7,0.0,0.1,0.2,0.30000000000000004,0.4,0.5,0.6000000000000001,0.7000000000000001,0.8,0.9
124,0.5,0.5,0.8,0.8,0.8,0.8,0.8,0.8,0.8,0.8,0.0,0.1,0.2,0.30000000000000004,0.4,0.5,0.6000000000000001,0.7000000000000001,0.8,0.9
125,0.5,0.5,0.9,0.9,0.9,0.9,0.9,0.9,0.9,0.9,0.0,0.1,0.2,0.30000000000000004,0.4,0.5,0.6000000000000001,0.7000000000000001,0.8,0.9
126,0.6,0.6,0.1,0.1,0.1,0.1,0.1,0.1,0.1,0.1,0.0,0.1,0.2,0.30000000000000004,0.4,0.5,0.6000000000000001,0.7000000000000001,0.8,0.9
127,0.6,0.6,0.2,0.2,0.2,0.2,0.2,0.2,0.2,0.2,0.0,0.1,0.2,0.30000000000000004,0.4,0.5,0.6000000000000001,0.7000000000000001,0.8,0.9
128,0.6,0.6,0.3,0.3,0.3,0.3,0.3,0.3,0.3,0.3,0.0,0.1,0.2,0.30000000000000004,0.4,0.5,0.6000000000000001,0.7000000000000001,0.8,0.9
129,0.6,0.6,0.4,0.4,0.4,0.4,0.4,0.4,0.4,0.4,0.0,0.1,0.2,0.30000000000000004,0.4,0.5,0.6000000000000001,0.7000000000000001,0.8,0.9
130,0.6,0.6,0.5,0.5,0.5,0.5,0.5,0.5,0.5,0.5,0.0,0.1,0.2,0.30000000000000004,0.4,0.5,0.6000000000000001,0.7000000000000001,0.8,0.9
131,0.6,0.6,0.6,0.6,0.6,0.6,0.6,0.6,0.6,0.6,0.0,0.1,0.2,0.30000000000000004,0.4,0.5,0.6000000000000001,0.7000000000000001,0.8,0.9
132,0.6,0.6,0.7,0.7,0.7,0.7,0.7,0.7,0.7,0.7,0.0,0.1,0.2,0.30000000000000004,0.4,0.5,0.6000000000000001,0.7000000000000001,0.8,0.9
133,0.6,0.6,0.8,0.8,0.8,0.8,0.8,0.8,0.8,0.8,0.0,0.1,0.2,0.30000000000000004,0.4,0.5,0.6000000000000001,0.7000000000000001,0.8,0.9
134,0.6,0.6,0.9,0.9,0.9,0.9,0.9,0.9,0.9,0.9,0.0,0.1,0.2,0.30000000000000004,0.4,0.5,0.6000000000000001,0.7000000000000001,0.8,0.9
135,0.7,0.7,0.1,0.1,0.1,0.1,0.1,0.1,0.1,0.1,0.0,0.1,0.2,0.30000000000000004,0.4,0.5,0.6000000000000001,0.7000000000000001,0.8,0.9
136,0.7,0.7,0.2,0.2,0.2,0.2,0.2,0.2,0.2,0.2,0.0,0.1,0.2,0.30000000000000004,0.4,0.5,0.6000000000000001,0.7000000000000001,0.8,0.9
137,0.7,0.7,0.3,0.3,0.3,0.3,0.3,0.3,0.3,0.3,0.0,0.1,0.2,0.30000000000000004,0.4,0.5,0.6000000000000001,0.7000000000000001,0.8,0.9
138,0.7,0.7,0.4,0.4,0.4,0.4,0.4,0.4,0.4,0.4,0.0,0.1,0.2,0.30000000000000004,0.4,0.5,0.6000000000000001,0.7000000000000001,0.8,0.9
139,0.7,0.7,0.5,0.5,0.5,0.5,0.5,0.5,0.5,0.5,0.0,0.1,0.2,0.30000000000000004,0.4,0.5,0.6000000000000001,0.7000000000000001,0.8,0.9
140,0.7,0.7,0.6,0.6,0.6,0.6,0.6,0.6,0.6,0.6,0.0,0.1,0.2,0.30000000000000004,0.4,0.5,0.6000000000000001,0.7000000000000001,0.8,0.9
141,0.7,0.7,0.7,0.7,0.7,0.7,0.7,0.7,0.7,0.7,0.0,0.1,0.2,0.30000000000000004,0.4,0.5,0.6000000000000001,0.7000000000000001,0.8,0.9
142,0.7,0.7,0.8,0.8,0.8,0.8,0.8,0.8,0.8,0.8,0.0,0.1,0.2,0.30000000000000004,0.4,0.5,0.6000000000000001,0.7000000000000001,0.8,0.9
143,0.7,0.7,0.9,0.9,0.9,0.9,0.9,0.9,0.9,0.9,0.0,0.1,0.2,0.30000000000000004,0.4,0.5,0.6000000000000001,0.7000000000000001,0.8,0.9
144,0.8,0.8,0.1,0.1,0.1,0.1,0.1,0.1,0.1,0.1,0.0,0.1,0.2,0.30000000000000004,0.4,0.5,0.6000000000000001,0.7000000000000001,0.8,0.9
145,0.8,0.8,0.2,0.2,0.2,0.2,0.2,0.2,0.2,0.2,0.0,0.1,0.2,0.30000000000000004,0.4,0.5,0.6000000000000001,0.7000000000000001,0.8,0.9
146,0.8,0.8,0.3,0.3,0.3,0.3,0.3,0.3,0.3,0.3,0.0,0.1,0.2,0.30000000000000004,0.4,0.5,0.6000000000000001,0.7000000000000001,0.8,0.9
147,0.8,0.8,0.4,0.4,0.4,0.4,0.4,0.4,0.4,0.4,0.0,0.1,0.2,0.30000000000000004,0.4,0.5,0.6000000000000001,0.7000000000000001,0.8,0.9
148,0.8,0.8,0.5,0.5,0.5,0.5,0.5,0.5,0.5,0.5,0.0,0.1,0.2,0.30000000000000004,0.4,0.5,0.6000000000000001,0.7000000000000001,0.8,0.9
149,0.8,0.8,0.6,0.6,0.6,0.6,0.6,0.6,0.6,0.6,0.0,0.1,0.2,0.30000000000000004,0.4,0.5,0.6000000000000001,0.7000000000000001,0.8,0.9
150,0.8,0.8,0.7,0.7,0.7,0.7,0.7,0.7,0.7,0.7,0.0,0.1,0.2,0.30000000000000004,0.4,0.5,0.6000000000000001,0.7000000000000001,0.8,0.9
151,0.8,0.8,0.8,0.8,0.8,0.8,0.8,0.8,0.8,0.8,0.0,0.1,0.2,0.30000000000000004,0.4,0.5,0.6000000000000001,0.7000000000000001,0.8,0.9
152,0.8,0.8,0.9,0.9,0.9,0.9,0.9,0.9,0.9,0.9,0.0,0.1,0.2,0.30000000000000004,0.4,0.5,0.6000000000000001,0.7000000000000001,0.8,0.9
153,0.9,0.9,0.1,0.1,0.1,0.1,0.1,0.1,0.1,0.1,0.0,0.1,0.2,0.30000000000000004,0.4,0.5,0.6000000000000001,0.7000000000000001,0.8,0.9
154,0.9,0.9,0.2,0.2,0.2,0.2,0.2,0.2,0.2,0.2,0.0,0.1,0.2,0.30000000000000004,0.4,0.5,0.6000000000000001,0.7000000000000001,0.8,0.9
155,0.9,0.9,0.3,0.3,0.3,0.3,0.3,0.3,0.3,0.3,0.0,0.1,0.2,0.30000000000000004,0.4,0.5,0.6000000000000001,0.7000000000000001,0.8,0.9
156,0.9,0.9,0.4,0.4,0.4,0.4,0.4,0.4,0.4,0.4,0.0,0.1,0.2,0.30000000000000004,0.4,0.5,0.6000000000000001,0.7000000000000001,0.8,0.9
157,0.9,0.9,0.5,0.5,0.5,0.5,0.5,0.5,0.5,0.5,0.0,0.1,0.2,0.30000000000000004,0.4,0.5,0.6000000000000001,0.7000000000000001,0.8,0.9
158,0.9,0.9,0.6,0.6,0.6,0.6,0.6,0.6,0.6,0.6,0.0,0.1,0.2,0.30000000000000004,0.4,0.5,0.6000000000000001,0.7000000000000001,0.8,0.9
159,0.9,0.9,0.7,0.7,0.7,0.7,0.7,0.7,0.7,0.7,0.0,0.1,0.2,0.30000000000000004,0.4,0.5,0.6000000000000001,0.7000000000000001,0.8,0.9
160,0.9,0.9,0.8,0.8,0.8,0.8,0.8,0.8,0.8,0.8,0.0,0.1,0.2,0.30000000000000004,0.4,0.5,0.6000000000000001,0.7000000000000001,0.8,0.9
161,0.9,0.9,0.9,0.9,0.9,0.9,0.9,0.9,0.9,0.9,0.0,0.1,0.2,0.30000000000000004,0.4,0.5,0.6000000000000001,0.7000000000000001,0.8,0.9
162,0.1,0.1,0.1,0.1,0.1,0.1,0.1,0.1,0.1,0.1,0.0,0.1,0.2,0.30000000000000004,0.4,0.5,0.6000000000000001,0.7000000000000001,0.8,0.9
163,0.1,0.1,0.1,0.2,0.2,0.2,0.2,0.2,0.2,0.2,0.0,0.1,0.2,0.30000000000000004,0.4,0.5,0.6000000000000001,0.7000000000000001,0.8,0.9
164,0.1,0.1,0.1,0.3,0.3,0.3,0.3,0.3,0.3,0.3,0.0,0.1,0.2,0.30000000000000004,0.4,0.5,0.6000000000000001,0.7000000000000001,0.8,0.9
165,0.1,0.1,0.1,0.4,0.4,0.4,0.4,0.4,0.4,0.4,0.0,0.1,0.2,0.30000000000000004,0.4,0.5,0.6000000000000001,0.7000000000000001,0.8,0.9
166,0.1,0.1,0.1,0.5,0.5,0.5,0.5,0.5,0.5,0.5,0.0,0.1,0.2,0.30000000000000004,0.4,0.5,0.6000000000000001,0.7000000000000001,0.8,0.9
167,0.1,0.1,0.1,0.6,0.6,0.6,0.6,0.6,0.6,0.6,0.0,0.1,0.2,0.30000000000000004,0.4,0.5,0.6000000000000001,0.7000000000000001,0.8,0.9
168,0.1,0.1,0.1,0.7,0.7,0.7,0.7,0.7,0.7,0.7,0.0,0.1,0.2,0.30000000000000004,0.4,0.5,0.6000000000000001,0.7000000000000001,0.8,0.9
169,0.1,0.1,0.1,0.8,0.8,0.8,0.8,0.8,0.8,0.8,0.0,0.1,0.2,0.30000000000000004,0.4,0.5,0.6000000000000001,0.7000000000000001,0.8,0.9
170,0.1,0.1,0.1,0.9,0.9,0.9,0.9,0.9,0.9,0.9,0.0,0.1,0.2,0.30000000000000004,0.4,0.5,0.6000000000000001,0.7000000000000001,0.8,0.9
171,0.2,0.2,0.2,0.1,0.1,0.1,0.1,0.1,0.1,0.1,0.0,0.1,0.2,0.30000000000000004,0.4,0.5,0.6000000000000001,0.7000000000000001,0.8,0.9
172,0.2,0.2,0.2,0.2,0.2,0.2,0.2,0.2,0.2,0.2,0.0,0.1,0.2,0.30000000000000004,0.4,0.5,0.6000000000000001,0.7000000000000001,0.8,0.9
173,0.2,0.2,0.2,0.3,0.3,0.3,0.3,0.3,0.3,0.3,0.0,0.1,0.2,0.30000000000000004,0.4,0.5,0.6000000000000001,0.7000000000000001,0.8,0.9
174,0.2,0.2,0.2,0.4,0.4,0.4,0.4,0.4,0.4,0.4,0.0,0.1,0.2,0.30000000000000004,0.4,0.5,0.6000000000000001,0.7000000000000001,0.8,0.9
175,0.2,0.2,0.2,0.5,0.5,0.5,0.5,0.5,0.5,0.5,0.0,0.1,0.2,0.30000000000000004,0.4,0.5,0.6000000000000001,0.7000000000000001,0.8,0.9
176,0.2,0.2,0.2,0.6,0.6,0.6,0.6,0.6,0.6,0.6,0.0,0.1,0.2,0.30000000000000004,0.4,0.5,0.6000000000000001,0.7000000000000001,0.8,0.9
177,0.2,0.2,0.2,0.7,0.7,0.7,0.7,0.7,0.7,0.7,0.0,0.1,0.2,0.30000000000000004,0.4,0.5,0.6000000000000001,0.7000000000000001,0.8,0.9
178,0.2,0.2,0.2,0.8,0.8,0.8,0.8,0.8,0.8,0.8,0.0,0.1,0.2,0.30000000000000004,0.4,0.5,0.6000000000000001,0.7000000000000001,0.8,0.9
179,0.2,0.2,0.2,0.9,0.9,0.9,0.9,0.9,0.9,0.9,0.0,0.1,0.2,0.30000000000000004,0.4,0.5,0.6000000000000001,0.7000000000000001,0.8,0.9
180,0.3,0.3,0.3,0.1,0.1,0.1,0.1,0.1,0.1,0.1,0.0,0.1,0.2,0.30000000000000004,0.4,0.5,0.6000000000000001,0.7000000000000001,0.8,0.9
181,0.3,0.3,0.3,0.2,0.2,0.2,0.2,0.2,0.2,0.2,0.0,0.1,0.2,0.30000000000000004,0.4,0.5,0.6000000000000001,0.7000000000000001,0.8,0.9
182,0.3,0.3,0.3,0.3,0.3,0.3,0.3,0.3,0.3,0.3,0.0,0.1,0.2,0.30000000000000004,0.4,0.5,0.6000000000000001,0.7000000000000001,0.8,0.9
183,0.3,0.3,0.3,0.4,0.4,0.4,0.4,0.4,0.4,0.4,0.0,0.1,0.2,0.30000000000000004,0.4,0.5,0.6000000000000001,0.7000000000000001,0.8,0.9
184,0.3,0.3,0.3,0.5,0.5,0.5,0.5,0.5,0.5,0.5,0.0,0.1,0.2,0.30000000000000004,0.4,0.5,0.6000000000000001,0.7000000000000001,0.8,0.9
185,0.3,0.3,0.3,0.6,0.6,0.6,0.6,0.6,0.6,0.6,0.0,0.1,0.2,0.30000000000000004,0.4,0.5,0.6000000000000001,0.7000000000000001,0.8,0.9
186,0.3,0.3,0.3,0.7,0.7,0.7,0.7,0.7,0.7,0.7,0.0,0.1,0.2,0.30000000000000004,0.4,0.5,0.6000000000000001,0.7000000000000001,0.8,0.9
187,0.3,0.3,0.3,0.8,0.8,0.8,0.8,0.8,0.8,0.8,0.0,0.1,0.2,0.30000000000000004,0.4,0.5,0.6000000000000001,0.7000000000000001,0.8,0.9
188,0.3,0.3,0.3,0.9,0.9,0.9,0.9,0.9,0.9,0.9,0.0,0.1,0.2,0.30000000000000004,0.4,0.5,0.6000000000000001,0.7000000000000001,0.8,0.9
189,0.4,0.4,0.4,0.1,0.1,0.1,0.1,0.1,0.1,0.1,0.0,0.1,0.2,0.30000000000000004,0.4,0.5,0.6000000000000001,0.7000000000000001,0.8,0.9
190,0.4,0.4,0.4,0.2,0.2,0.2,0.2,0.2,0.2,0.2,0.0,0.1,0.2,0.30000000000000004,0.4,0.5,0.6000000000000001,0.7000000000000001,0.8,0.9
191,0.4,0.4,0.4,0.3,0.3,0.3,0.3,0.3,0.3,0.3,0.0,0.1,0.2,0.30000000000000004,0.4,0.5,0.6000000000000001,0.7000000000000001,0.8,0.9
192,0.4,0.4,0.4,0.4,0.4,0.4,0.4,0.4,0.4,0.4,0.0,0.1,0.2,0.30000000000000004,0.4,0.5,0.6000000000000001,0.7000000000000001,0.8,0.9
193,0.4,0.4,0.4,0.5,0.5,0.5,0.5,0.5,0.5,0.5,0.0,0.1,0.2,0.30000000000000004,0.4,0.5,0.6000000000000001,0.7000000000000001,0.8,0.9
194,0.4,0.4,0.4,0.6,0.6,0.6,0.6,0.6,0.6,0.6,0.0,0.1,0.2,0.30000000000000004,0.4,0.5,0.6000000000000001,0.7000000000000001,0.8,0.9
195,0.4,0.4,0.4,0.7,0.7,0.7,0.7,0.7,0.7,0.7,0.0,0.1,0.2,0.30000000000000004,0.4,0.5,0.6000000000000001,0.7000000000000001,0.8,0.9
196,0.4,0.4,0.4,0.8,0.8,0.8,0.8,0.8,0.8,0.8,0.0,0.1,0.2,0.30000000000000004,0.4,0.5,0.6000000000000001,0.7000000000000001,0.8,0.9
197,0.4,0.4,0.4,0.9,0.9,0.9,0.9,0.9,0.9,0.9,0.0,0.1,0.2,0.30000000000000004,0.4,0.5,0.6000000000000001,0.7000000000000001,0.8,0.9
198,0.5,0.5,0.5,0.1,0.1,0.1,0.1,0.1,0.1,0.1,0.0,0.1,0.2,0.30000000000000004,0.4,0.5,0.6000000000000001,0.7000000000000001,0.8,0.9
199,0.5,0.5,0.5,0.2,0.2,0.2,0.2,0.2,0.2,0.2,0.0,0.1,0.2,0.30000000000000004,0.4,0.5,0.6000000000000001,0.7000000000000001,0.8,0.9
200,0.5,0.5,0.5,0.3,0.3,0.3,0.3,0.3,0.3,0.3,0.0,0.1,0.2,0.30000000000000004,0.4,0.5,0.6000000000000001,0.7000000000000001,0.8,0.9
201,0.5,0.5,0.5,0.4,0.4,0.4,0.4,0.4,0.4,0.4,0.0,0.1,0.2,0.30000000000000004,0.4,0.5,0.6000000000000001,0.7000000000000001,0.8,0.9
202,0.5,0.5,0.5,0.5,0.5,0.5,0.5,0.5,0.5,0.5,0.0,0.1,0.2,0.30000000000000004,0.4,0.5,0.6000000000000001,0.7000000000000001,0.8,0.9
203,0.5,0.5,0.5,0.6,0.6,0.6,0.6,0.6,0.6,0.6,0.0,0.1,0.2,0.30000000000000004,0.4,0.5,0.6000000000000001,0.7000000000000001,0.8,0.9
204,0.5,0.5,0.5,0.7,0.7,0.7,0.7,0.7,0.7,0.7,0.0,0.1,0.2,0.30000000000000004,0.4,0.5,0.6000000000000001,0.7000000000000001,0.8,0.9
205,0.5,0.5,0.5,0.8,0.8,0.8,0.8,0.8,0.8,0.8,0.0,0.1,0.2,0.30000000000000004,0.4,0.5,0.6000000000000001,0.7000000000000001,0.8,0.9
206,0.5,0.5,0.5,0.9,0.9,0.9,0.9,0.9,0.9,0.9,0.0,0.1,0.2,0.30000000000000004,0.4,0.5,0.6000000000000001,0.7000000000000001,0.8,0.9
207,0.6,0.6,0.6,0.1,0.1,0.1,0.1,0.1,0.1,0.1,0.0,0.1,0.2,0.30000000000000004,0.4,0.5,0.6000000000000001,0.7000000000000001,0.8,0.9
208,0.6,0.6,0.6,0.2,0.2,0.2,0.2,0.2,0.2,0.2,0.0,0.1,0.2,0.30000000000000004,0.4,0.5,0.6000000000000001,0.7000000000000001,0.8,0.9
209,0.6,0.6,0.6,0.3,0.3,0.3,0.3,0.3,0.3,0.3,0.0,0.1,0.2,0.30000000000000004,0.4,0.5,0.6000000000000001,0.7000000000000001,0.8,0.9
210,0.6,0.6,0.6,0.4,0.4,0.4,0.4,0.4,0.4,0.4,0.0,0.1,0.2,0.30000000000000004,0.4,0.5,0.6000000000000001,0.7000000000000001,0.8,0.9
211,0.6,0.6,0.6,0.5,0.5,0.5,0.5,0.5,0.5,0.5,0.0,0.1,0.2,0.30000000000000004,0.4,0.5,0.6000000000000001,0.7000000000000001,0.8,0.9
212,0.6,0.6,0.6,0.6,0.6,0.6,0.6,0.6,0.6,0.6,0.0,0.1,0.2,0.30000000000000004,0.4,0.5,0.6000000000000001,0.7000000000000001,0.8,0.9
213,0.6,0.6,0.6,0.7,0.7,0.7,0.7,0.7,0.7,0.7,0.0,0.1,0.2,0.30000000000000004,0.4,0.5,0.6000000000000001,0.7000000000000001,0.8,0.9
214,0.6,0.6,0.6,0.8,0.8,0.8,0.8,0.8,0.8,0.8,0.0,0.1,0.2,0.30000000000000004,0.4,0.5,0.6000000000000001,0.7000000000000001,0.8,0.9
215,0.6,0.6,0.6,0.9,0.9,0.9,0.9,0.9,0.9,0.9,0.0,0.1,0.2,0.30000000000000004,0.4,0.5,0.6000000000000001,0.7000000000000001,0.8,0.9
216,0.7,0.7,0.7,0.1,0.1,0.1,0.1,0.1,0.1,0.1,0.0,0.1,0.2,0.30000000000000004,0.4,0.5,0.6000000000000001,0.7000000000000001,0.8,0.9
217,0.7,0.7,0.7,0.2,0.2,0.2,0.2,0.2,0.2,0.2,0.0,0.1,0.2,0.30000000000000004,0.4,0.5,0.6000000000000001,0.7000000000000001,0.8,0.9
218,0.7,0.7,0.7,0.3,0.3,0.3,0.3,0.3,0.3,0.3,0.0,0.1,0.2,0.30000000000000004,0.4,0.5,0.6000000000000001,0.7000000000000001,0.8,0.9
219,0.7,0.7,0.7,0.4,0.4,0.4,0.4,0.4,0.4,0.4,0.0,0.1,0.2,0.30000000000000004,0.4,0.5,0.6000000000000001,0.7000000000000001,0.8,0.9
220,0.7,0.7,0.7,0.5,0.5,0.5,0.5,0.5,0.5,0.5,0.0,0.1,0.2,0.30000000000000004,0.4,0.5,0.6000000000000001,0.7000000000000001,0.8,0.9
221,0.7,0.7,0.7,0.6,0.6,0.6,0.6,0.6,0.6,0.6,0.0,0.1,0.2,0.30000000000000004,0.4,0.5,0.6000000000000001,0.7000000000000001,0.8,0.9
222,0.7,0.7,0.7,0.7,0.7,0.7,0.7,0.7,0.7,0.7,0.0,0.1,0.2,0.30000000000000004,0.4,0.5,0.6000000000000001,0.7000000000000001,0.8,0.9
223,0.7,0.7,0.7,0.8,0.8,0.8,0.8,0.8,0.8,0.8,0.0,0.1,0.2,0.30000000000000004,0.4,0.5,0.6000000000000001,0.7000000000000001,0.8,0.9
224,0.7,0.7,0.7,0.9,0.9,0.9,0.9,0.9,0.9,0.9,0.0,0.1,0.2,0.30000000000000004,0.4,0.5,0.6000000000000001,0.7000000000000001,0.8,0.9
225,0.8,0.8,0.8,0.1,0.1,0.1,0.1,0.1,0.1,0.1,0.0,0.1,0.2,0.30000000000000004,0.4,0.5,0.6000000000000001,0.7000000000000001,0.8,0.9
226,0.8,0.8,0.8,0.2,0.2,0.2,0.2,0.2,0.2,0.2,0.0,0.1,0.2,0.30000000000000004,0.4,0.5,0.6000000000000001,0.7000000000000001,0.8,0.9
227,0.8,0.8,0.8,0.3,0.3,0.3,0.3,0.3,0.3,0.3,0.0,0.1,0.2,0.30000000000000004,0.4,0.5,0.6000000000000001,0.7000000000000001,0.8,0.9
228,0.8,0.8,0.8,0.4,0.4,0.4,0.4,0.4,0.4,0.4,0.0,0.1,0.2,0.30000000000000004,0.4,0.5,0.6000000000000001,0.7000000000000001,0.8,0.9
229,0.8,0.8,0.8,0.5,0.5,0.5,0.5,0.5,0.5,0.5,0.0,0.1,0.2,0.30000000000000004,0.4,0.5,0.6000000000000001,0.7000000000000001,0.8,0.9
230,0.8,0.8,0.8,0.6,0.6,0.6,0.6,0.6,0.6,0.6,0.0,0.1,0.2,0.30000000000000004,0.4,0.5,0.6000000000000001,0.7000000000000001,0.8,0.9
231,0.8,0.8,0.8,0.7,0.7,0.7,0.7,0.7,0.7,0.7,0.0,0.1,0.2,0.30000000000000004,0.4,0.5,0.6000000000000001,0.7000000000000001,0.8,0.9
232,0.8,0.8,0.8,0.8,0.8,0.8,0.8,0.8,0.8,0.8,0.0,0.1,0.2,0.30000000000000004,0.4,0.5,0.6000000000000001,0.7000000000000001,0.8,0.9
233,0.8,0.8,0.8,0.9,0.9,0.9,0.9,0.9,0.9,0.9,0.0,0.1,0.2,0.30000000000000004,0.4,0.5,0.6000000000000001,0.7000000000000001,0.8,0.9
234,0.9,0.9,0.9,0.1,0.1,0.1,0.1,0.1,0.1,0.1,0.0,0.1,0.2,0.30000000000000004,0.4,0.5,0.6000000000000001,0.7000000000000001,0.8,0.9
235,0.9,0.9,0.9,0.2,0.2,0.2,0.2,0.2,0.2,0.2,0.0,0.1,0.2,0.30000000000000004,0.4,0.5,0.6000000000000001,0.7000000000000001,0.8,0.9
236,0.9,0.9,0.9,0.3,0.3,0.3,0.3,0.3,0.3,0.3,0.0,0.1,0.2,0.30000000000000004,0.4,0.5,0.6000000000000001,0.7000000000000001,0.8,0.9
237,0.9,0.9,0.9,0.4,0.4,0.4,0.4,0.4,0.4,0.4,0.0,0.1,0.2,0.30000000000000004,0.4,0.5,0.6000000000000001,0.7000000000000001,0.8,0.9
238,0.9,0.9,0.9,0.5,0.5,0.5,0.5,0.5,0.5,0.5,0.0,0.1,0.2,0.30000000000000004,0.4,0.5,0.6000000000000001,0.7000000000000001,0.8,0.9
239,0.9,0.9,0.9,0.6,0.6,0.6,0.6,0.6,0.6,0.6,0.0,0.1,0.2,0.30000000000000004,0.4,0.5,0.6000000000000001,0.7000000000000001,0.8,0.9
240,0.9,0.9,0.9,0.7,0.7,0.7,0.7,0.7,0.7,0.7,0.0,0.1,0.2,0.30000000000000004,0.4,0.5,0.6000000000000001,0.7000000000000001,0.8,0.9
241,0.9,0.9,0.9,0.8,0.8,0.8,0.8,0.8,0.8,0.8,0.0,0.1,0.2,0.30000000000000004,0.4,0.5,0.6000000000000001,0.7000000000000001,0.8,0.9
242,0.9,0.9,0.9,0.9,0.9,0.9,0.9,0.9,0.9,0.9,0.0,0.1,0.2,0.30000000000000004,0.4,0.5,0.6000000000000001,0.7000000000000001,0.8,0.9
243,0.1,0.1,0.1,0.1,0.1,0.1,0.1,0.1,0.1,0.1,0.0,0.1,0.2,0.30000000000000004,0.4,0.5,0.6000000000000001,0.7000000000000001,0.8,0.9
244,0.1,0.1,0.1,0.1,0.2,0.2,0.2,0.2,0.2,0.2,0.0,0.1,0.2,0.30000000000000004,0.4,0.5,0.6000000000000001,0.7000000000000001,0.8,0.9
245,0.1,0.1,0.1,0.1,0.3,0.3,0.3,0.3,0.3,0.3,0.0,0.1,0.2,0.30000000000000004,0.4,0.5,0.6000000000000001,0.7000000000000001,0.8,0.9
246,0.1,0.1,0.1,0.1,0.4,0.4,0.4,0.4,0.4,0.4,0.0,0.1,0.2,0.30000000000000004,0.4,0.5,0.6000000000000001,0.7000000000000001,0.8,0.9
247,0.1,0.1,0.1,0.1,0.5,0.5,0.5,0.5,0.5,0.5,0.0,0.1,0.2,0.30000000000000004,0.4,0.5,0.6000000000000001,0.7000000000000001,0.8,0.9
248,0.1,0.1,0.1,0.1,0.6,0.6,0.6,0.6,0.6,0.6,0.0,0.1,0.2,0.30000000000000004,0.4,0.5,0.6000000000000001,0.7000000000000001,0.8,0.9
249,0.1,0.1,0.1,0.1,0.7,0.7,0.7,0.7,0.7,0.7,0.0,0.1,0.2,0.30000000000000004,0.4,0.5,0.6000000000000001,0.7000000000000001,0.8,0.9
250,0.1,0.1,0.1,0.1,0.8,0.8,0.8,0.8,0.8,0.8,0.0,0.1,0.2,0.30000000000000004,0.4,0.5,0.6000000000000001,0.7000000000000001,0.8,0.9
251,0.1,0.1,0.1,0.1,0.9,0.9,0.9,0.9,0.9,0.9,0.0,0.1,0.2,0.30000000000000004,0.4,0.5,0.6000000000000001,0.7000000000000001,0.8,0.9
252,0.2,0.2,0.2,0.2,0.1,0.1,0.1,0.1,0.1,0.1,0.0,0.1,0.2,0.30000000000000004,0.4,0.5,0.6000000000000001,0.7000000000000001,0.8,0.9
253,0.2,0.2,0.2,0.2,0.2,0.2,0.2,0.2,0.2,0.2,0.0,0.1,0.2,0.30000000000000004,0.4,0.5,0.6000000000000001,0.7000000000000001,0.8,0.9
254,0.2,0.2,0.2,0.2,0.3,0.3,0.3,0.3,0.3,0.3,0.0,0.1,0.2,0.30000000000000004,0.4,0.5,0.6000000000000001,0.7000000000000001,0.8,0.9
255,0.2,0.2,0.2,0.2,0.4,0.4,0.4,0.4,0.4,0.4,0.0,0.1,0.2,0.30000000000000004,0.4,0.5,0.6000000000000001,0.7000000000000001,0.8,0.9
256,0.2,0.2,0.2,0.2,0.5,0.5,0.5,0.5,0.5,0.5,0.0,0.1,0.2,0.30000000000000004,0.4,0.5,0.6000000000000001,0.7000000000000001,0.8,0.9
257,0.2,0.2,0.2,0.2,0.6,0.6,0.6,0.6,0.6,0.6,0.0,0.1,0.2,0.30000000000000004,0.4,0.5,0.6000000000000001,0.7000000000000001,0.8,0.9
258,0.2,0.2,0.2,0.2,0.7,0.7,0.7,0.7,0.7,0.7,0.0,0.1,0.2,0.30000000000000004,0.4,0.5,0.6000000000000001,0.7000000000000001,0.8,0.9
259,0.2,0.2,0.2,0.2,0.8,0.8,0.8,0.8,0.8,0.8,0.0,0.1,0.2,0.30000000000000004,0.4,0.5,0.6000000000000001,0.7000000000000001,0.8,0.9
260,0.2,0.2,0.2,0.2,0.9,0.9,0.9,0.9,0.9,0.9,0.0,0.1,0.2,0.30000000000000004,0.4,0.5,0.6000000000000001,0.7000000000000001,0.8,0.9
261,0.3,0.3,0.3,0.3,0.1,0.1,0.1,0.1,0.1,0.1,0.0,0.1,0.2,0.30000000000000004,0.4,0.5,0.6000000000000001,0.7000000000000001,0.8,0.9
262,0.3,0.3,0.3,0.3,0.2,0.2,0.2,0.2,0.2,0.2,0.0,0.1,0.2,0.30000000000000004,0.4,0.5,0.6000000000000001,0.7000000000000001,0.8,0.9
263,0.3,0.3,0.3,0.3,0.3,0.3,0.3,0.3,0.3,0.3,0.0,0.1,0.2,0.30000000000000004,0.4,0.5,0.6000000000000001,0.7000000000000001,0.8,0.9
264,0.3,0.3,0.3,0.3,0.4,0.4,0.4,0.4,0.4,0.4,0.0,0.1,0.2,0.30000000000000004,0.4,0.5,0.6000000000000001,0.7000000000000001,0.8,0.9
265,0.3,0.3,0.3,0.3,0.5,0.5,0.5,0.5,0.5,0.5,0.0,0.1,0.2,0.30000000000000004,0.4,0.5,0.6000000000000001,0.7000000000000001,0.8,0.9
266,0.3,0.3,0.3,0.3,0.6,0.6,0.6,0.6,0.6,0.6,0.0,0.1,0.2,0.30000000000000004,0.4,0.5,0.6000000000000001,0.7000000000000001,0.8,0.9
267,0.3,0.3,0.3,0.3,0.7,0.7,0.7,0.7,0.7,0.7,0.0,0.1,0.2,0.30000000000000004,0.4,0.5,0.6000000000000001,0.7000000000000001,0.8,0.9
268,0.3,0.3,0.3,0.3,0.8,0.8,0.8,0.8,0.8,0.8,0.0,0.1,0.2,0.30000000000000004,0.4,0.5,0.6000000000000001,0.7000000000000001,0.8,0.9
269,0.3,0.3,0.3,0.3,0.9,0.9,0.9,0.9,0.9,0.9,0.0,0.1,0.2,0.30000000000000004,0.4,0.5,0.6000000000000001,0.7000000000000001,0.8,0.9
270,0.4,0.4,0.4,0.4,0.1,0.1,0.1,0.1,0.1,0.1,0.0,0.1,0.2,0.30000000000000004,0.4,0.5,0.6000000000000001,0.7000000000000001,0.8,0.9
271,0.4,0.4,0.4,0.4,0.2,0.2,0.2,0.2,0.2,0.2,0.0,0.1,0.2,0.30000000000000004,0.4,0.5,0.6000000000000001,0.7000000000000001,0.8,0.9
272,0.4,0.4,0.4,0.4,0.3,0.3,0.3,0.3,0.3,0.3,0.0,0.1,0.2,0.30000000000000004,0.4,0.5,0.6000000000000001,0.7000000000000001,0.8,0.9
273,0.4,0.4,0.4,0.4,0.4,0.4,0.4,0.4,0.4,0.4,0.0,0.1,0.2,0.30000000000000004,0.4,0.5,0.6000000000000001,0.7000000000000001,0.8,0.9
274,0.4,0.4,0.4,0.4,0.5,0.5,0.5,0.5,0.5,0.5,0.0,0.1,0.2,0.30000000000000004,0.4,0.5,0.6000000000000001,0.7000000000000001,0.8,0.9
275,0.4,0.4,0.4,0.4,0.6,0.6,0.6,0.6,0.6,0.6,0.0,0.1,0.2,0.30000000000000004,0.4,0.5,0.6000000000000001,0.7000000000000001,0.8,0.9
276,0.4,0.4,0.4,0.4,0.7,0.7,0.7,0.7,0.7,0.7,0.0,0.1,0.2,0.30000000000000004,0.4,0.5,0.6000000000000001,0.7000000000000001,0.8,0.9
277,0.4,0.4,0.4,0.4,0.8,0.8,0.8,0.8,0.8,0.8,0.0,0.1,0.2,0.30000000000000004,0.4,0.5,0.6000000000000001,0.7000000000000001,0.8,0.9
278,0.4,0.4,0.4,0.4,0.9,0.9,0.9,0.9,0.9,0.9,0.0,0.1,0.2,0.30000000000000004,0.4,0.5,0.6000000000000001,0.7000000000000001,0.8,0.9
279,0.5,0.5,0.5,0.5,0.1,0.1,0.1,0.1,0.1,0.1,0.0,0.1,0.2,0.30000000000000004,0.4,0.5,0.6000000000000001,0.7000000000000001,0.8,0.9
280,0.5,0.5,0.5,0.5,0.2,0.2,0.2,0.2,0.2,0.2,0.0,0.1,0.2,0.30000000000000004,0.4,0.5,0.6000000000000001,0.7000000000000001,0.8,0.9
281,0.5,0.5,0.5,0.5,0.3,0.3,0.3,0.3,0.3,0.3,0.0,0.1,0.2,0.30000000000000004,0.4,0.5,0.6000000000000001,0.7000000000000001,0.8,0.9
282,0.5,0.5,0.5,0.5,0.4,0.4,0.4,0.4,0.4,0.4,0.0,0.1,0.2,0.30000000000000004,0.4,0.5,0.6000000000000001,0.7000000000000001,0.8,0.9
283,0.5,0.5,0.5,0.5,0.5,0.5,0.5,0.5,0.5,0.5,0.0,0.1,0.2,0.30000000000000004,0.4,0.5,0.6000000000000001,0.7000000000000001,0.8,0.9
284,0.5,0.5,0.5,0.5,0.6,0.6,0.6,0.6,0.6,0.6,0.0,0.1,0.2,0.30000000000000004,0.4,0.5,0.6000000000000001,0.7000000000000001,0.8,0.9
285,0.5,0.5,0.5,0.5,0.7,0.7,0.7,0.7,0.7,0.7,0.0,0.1,0.2,0.30000000000000004,0.4,0.5,0.6000000000000001,0.7000000000000001,0.8,0.9
286,0.5,0.5,0.5,0.5,0.8,0.8,0.8,0.8,0.8,0.8,0.0,0.1,0.2,0.30000000000000004,0.4,0.5,0.6000000000000001,0.7000000000000001,0.8,0.9
287,0.5,0.5,0.5,0.5,0.9,0.9,0.9,0.9,0.9,0.9,0.0,0.1,0.2,0.30000000000000004,0.4,0.5,0.6000000000000001,0.7000000000000001,0.8,0.9
288,0.6,0.6,0.6,0.6,0.1,0.1,0.1,0.1,0.1,0.1,0.0,0.1,0.2,0.30000000000000004,0.4,0.5,0.6000000000000001,0.7000000000000001,0.8,0.9
289,0.6,0.6,0.6,0.6,0.2,0.2,0.2,0.2,0.2,0.2,0.0,0.1,0.2,0.30000000000000004,0.4,0.5,0.6000000000000001,0.7000000000000001,0.8,0.9
290,0.6,0.6,0.6,0.6,0.3,0.3,0.3,0.3,0.3,0.3,0.0,0.1,0.2,0.30000000000000004,0.4,0.5,0.6000000000000001,0.7000000000000001,0.8,0.9
291,0.6,0.6,0.6,0.6,0.4,0.4,0.4,0.4,0.4,0.4,0.0,0.1,0.2,0.30000000000000004,0.4,0.5,0.6000000000000001,0.7000000000000001,0.8,0.9
292,0.6,0.6,0.6,0.6,0.5,0.5,0.5,0.5,0.5,0.5,0.0,0.1,0.2,0.30000000000000004,0.4,0.5,0.6000000000000001,0.7000000000000001,0.8,0.9
293,0.6,0.6,0.6,0.6,0.6,0.6,0.6,0.6,0.6,0.6,0.0,0.1,0.2,0.30000000000000004,0.4,0.5,0.6000000000000001,0.7000000000000001,0.8,0.9
294,0.6,0.6,0.6,0.6,0.7,0.7,0.7,0.7,0.7,0.7,0.0,0.1,0.2,0.30000000000000004,0.4,0.5,0.6000000000000001,0.7000000000000001,0.8,0.9
295,0.6,0.6,0.6,0.6,0.8,0.8,0.8,0.8,0.8,0.8,0.0,0.1,0.2,0.30000000000000004,0.4,0.5,0.6000000000000001,0.7000000000000001,0.8,0.9
296,0.6,0.6,0.6,0.6,0.9,0.9,0.9,0.9,0.9,0.9,0.0,0.1,0.2,0.30000000000000004,0.4,0.5,0.6000000000000001,0.7000000000000001,0.8,0.9
297,0.7,0.7,0.7,0.7,0.1,0.1,0.1,0.1,0.1,0.1,0.0,0.1,0.2,0.30000000000000004,0.4,0.5,0.6000000000000001,0.7000000000000001,0.8,0.9
298,0.7,0.7,0.7,0.7,0.2,0.2,0.2,0.2,0.2,0.2,0.0,0.1,0.2,0.30000000000000004,0.4,0.5,0.6000000000000001,0.7000000000000001,0.8,0.9
299,0.7,0.7,0.7,0.7,0.3,0.3,0.3,0.3,0.3,0.3,0.0,0.1,0.2,0.30000000000000004,0.4,0.5,0.6000000000000001,0.7000000000000001,0.8,0.9
300,0.7,0.7,0.7,0.7,0.4,0.4,0.4,0.4,0.4,0.4,0.0,0.1,0.2,0.30000000000000004,0.4,0.5,0.6000000000000001,0.7000000000000001,0.8,0.9
301,0.7,0.7,0.7,0.7,0.5,0.5,0.5,0.5,0.5,0.5,0.0,0.1,0.2,0.30000000000000004,0.4,0.5,0.6000000000000001,0.7000000000000001,0.8,0.9
302,0.7,0.7,0.7,0.7,0.6,0.6,0.6,0.6,0.6,0.6,0.0,0.1,0.2,0.30000000000000004,0.4,0.5,0.6000000000000001,0.7000000000000001,0.8,0.9
303,0.7,0.7,0.7,0.7,0.7,0.7,0.7,0.7,0.7,0.7,0.0,0.1,0.2,0.30000000000000004,0.4,0.5,0.6000000000000001,0.7000000000000001,0.8,0.9
304,0.7,0.7,0.7,0.7,0.8,0.8,0.8,0.8,0.8,0.8,0.0,0.1,0.2,0.30000000000000004,0.4,0.5,0.6000000000000001,0.7000000000000001,0.8,0.9
305,0.7,0.7,0.7,0.7,0.9,0.9,0.9,0.9,0.9,0.9,0.0,0.1,0.2,0.30000000000000004,0.4,0.5,0.6000000000000001,0.7000000000000001,0.8,0.9
306,0.8,0.8,0.8,0.8,0.1,0.1,0.1,0.1,0.1,0.1,0.0,0.1,0.2,0.30000000000000004,0.4,0.5,0.6000000000000001,0.7000000000000001,0.8,0.9
307,0.8,0.8,0.8,0.8,0.2,0.2,0.2,0.2,0.2,0.2,0.0,0.1,0.2,0.30000000000000004,0.4,0.5,0.6000000000000001,0.7000000000000001,0.8,0.9
308,0.8,0.8,0.8,0.8,0.3,0.3,0.3,0.3,0.3,0.3,0.0,0.1,0.2,0.30000000000000004,0.4,0.5,0.6000000000000001,0.7000000000000001,0.8,0.9
309,0.8,0.8,0.8,0.8,0.4,0.4,0.4,0.4,0.4,0.4,0.0,0.1,0.2,0.30000000000000004,0.4,0.5,0.6000000000000001,0.7000000000000001,0.8,0.9
310,0.8,0.8,0.8,0.8,0.5,0.5,0.5,0.5,0.5,0.5,0.0,0.1,0.2,0.30000000000000004,0.4,0.5,0.6000000000000001,0.7000000000000001,0.8,0.9
311,0.8,0.8,0.8,0.8,0.6,0.6,0.6,0.6,0.6,0.6,0.0,0.1,0.2,0.30000000000000004,0.4,0.5,0.6000000000000001,0.7000000000000001,0.8,0.9
312,0.8,0.8,0.8,0.8,0.7,0.7,0.7,0.7,0.7,0.7,0.0,0.1,0.2,0.30000000000000004,0.4,0.5,0.6000000000000001,0.7000000000000001,0.8,0.9
313,0.8,0.8,0.8,0.8,0.8,0.8,0.8,0.8,0.8,0.8,0.0,0.1,0.2,0.30000000000000004,0.4,0.5,0.6000000000000001,0.7000000000000001,0.8,0.9
314,0.8,0.8,0.8,0.8,0.9,0.9,0.9,0.9,0.9,0.9,0.0,0.1,0.2,0.30000000000000004,0.4,0.5,0.6000000000000001,0.7000000000000001,0.8,0.9
315,0.9,0.9,0.9,0.9,0.1,0.1,0.1,0.1,0.1,0.1,0.0,0.1,0.2,0.30000000000000004,0.4,0.5,0.6000000000000001,0.7000000000000001,0.8,0.9
316,0.9,0.9,0.9,0.9,0.2,0.2,0.2,0.2,0.2,0.2,0.0,0.1,0.2,0.30000000000000004,0.4,0.5,0.6000000000000001,0.7000000000000001,0.8,0.9
317,0.9,0.9,0.9,0.9,0.3,0.3,0.3,0.3,0.3,0.3,0.0,0.1,0.2,0.30000000000000004,0.4,0.5,0.6000000000000001,0.7000000000000001,0.8,0.9
318,0.9,0.9,0.9,0.9,0.4,0.4,0.4,0.4,0.4,0.4,0.0,0.1,0.2,0.30000000000000004,0.4,0.5,0.6000000000000001,0.7000000000000001,0.8,0.9
319,0.9,0.9,0.9,0.9,0.5,0.5,0.5,0.5,0.5,0.5,0.0,0.1,0.2,0.30000000000000004,0.4,0.5,0.6000000000000001,0.7000000000000001,0.8,0.9
320,0.9,0.9,0.9,0.9,0.6,0.6,0.6,0.6,0.6,0.6,0.0,0.1,0.2,0.30000000000000004,0.4,0.5,0.6000000000000001,0.7000000000000001,0.8,0.9
321,0.9,0.9,0.9,0.9,0.7,0.7,0.7,0.7,0.7,0.7,0.0,0.1,0.2,0.30000000000000004,0.4,0.5,0.6000000000000001,0.7000000000000001,0.8,0.9
322,0.9,0.9,0.9,0.9,0.8,0.8,0.8,0.8,0.8,0.8,0.0,0.1,0.2,0.30000000000000004,0.4,0.5,0.6000000000000001,0.7000000000000001,0.8,0.9
323,0.9,0.9,0.9,0.9,0.9,0.9,0.9,0.9,0.9,0.9,0.0,0.1,0.2,0.30000000000000004,0.4,0.5,0.6000000000000001,0.7000000000000001,0.8,0.9
324,0.1,0.1,0.1,0.1,0.1,0.1,0.1,0.1,0.1,0.1,0.0,0.1,0.2,0.30000000000000004,0.4,0.5,0.6000000000000001,0.7000000000000001,0.8,0.9
325,0.1,0.1,0.1,0.1,0.1,0.2,0.2,0.2,0.2,0.2,0.0,0.1,0.2,0.30000000000000004,0.4,0.5,0.6000000000000001,0.7000000000000001,0.8,0.9
326,0.1,0.1,0.1,0.1,0.1,0.3,0.3,0.3,0.3,0.3,0.0,0.1,0.2,0.30000000000000004,0.4,0.5,0.6000000000000001,0.7000000000000001,0.8,0.9
327,0.1,0.1,0.1,0.1,0.1,0.4,0.4,0.4,0.4,0.4,0.0,0.1,0.2,0.30000000000000004,0.4,0.5,0.6000000000000001,0.7000000000000001,0.8,0.9
328,0.1,0.1,0.1,0.1,0.1,0.5,0.5,0.5,0.5,0.5,0.0,0.1,0.2,0.30000000000000004,0.4,0.5,0.6000000000000001,0.7000000000000001,0.8,0.9
329,0.1,0.1,0.1,0.1,0.1,0.6,0.6,0.6,0.6,0.6,0.0,0.1,0.2,0.30000000000000004,0.4,0.5,0.6000000000000001,0.7000000000000001,0.8,0.9
330,0.1,0.1,0.1,0.1,0.1,0.7,0.7,0.7,0.7,0.7,0.0,0.1,0.2,0.30000000000000004,0.4,0.5,0.6000000000000001,0.7000000000000001,0.8,0.9
331,0.1,0.1,0.1,0.1,0.1,0.8,0.8,0.8,0.8,0.8,0.0,0.1,0.2,0.30000000000000004,0.4,0.5,0.6000000000000001,0.7000000000000001,0.8,0.9
332,0.1,0.1,0.1,0.1,0.1,0.9,0.9,0.9,0.9,0.9,0.0,0.1,0.2,0.30000000000000004,0.4,0.5,0.6000000000000001,0.7000000000000001,0.8,0.9
333,0.2,0.2,0.2,0.2,0.2,0.1,0.1,0.1,0.1,0.1,0.0,0.1,0.2,0.30000000000000004,0.4,0.5,0.6000000000000001,0.7000000000000001,0.8,0.9
334,0.2,0.2,0.2,0.2,0.2,0.2,0.2,0.2,0.2,0.2,0.0,0.1,0.2,0.30000000000000004,0.4,0.5,0.6000000000000001,0.7000000000000001,0.8,0.9
335,0.2,0.2,0.2,0.2,0.2,0.3,0.3,0.3,0.3,0.3,0.0,0.1,0.2,0.30000000000000004,0.4,0.5,0.6000000000000001,0.7000000000000001,0.8,0.9
336,0.2,0.2,0.2,0.2,0.2,0.4,0.4,0.4,0.4,0.4,0.0,0.1,0.2,0.30000000000000004,0.4,0.5,0.6000000000000001,0.7000000000000001,0.8,0.9
337,0.2,0.2,0.2,0.2,0.2,0.5,0.5,0.5,0.5,0.5,0.0,0.1,0.2,0.30000000000000004,0.4,0.5,0.6000000000000001,0.7000000000000001,0.8,0.9
338,0.2,0.2,0.2,0.2,0.2,0.6,0.6,0.6,0.6,0.6,0.0,0.1,0.2,0.30000000000000004,0.4,0.5,0.6000000000000001,0.7000000000000001,0.8,0.9
339,0.2,0.2,0.2,0.2,0.2,0.7,0.7,0.7,0.7,0.7,0.0,0.1,0.2,0.30000000000000004,0.4,0.5,0.6000000000000001,0.7000000000000001,0.8,0.9
340,0.2,0.2,0.2,0.2,0.2,0.8,0.8,0.8,0.8,0.8,0.0,0.1,0.2,0.30000000000000004,0.4,0.5,0.6000000000000001,0.7000000000000001,0.8,0.9
341,0.2,0.2,0.2,0.2,0.2,0.9,0.9,0.9,0.9,0.9,0.0,0.1,0.2,0.30000000000000004,0.4,0.5,0.6000000000000001,0.7000000000000001,0.8,0.9
342,0.3,0.3,0.3,0.3,0.3,0.1,0.1,0.1,0.1,0.1,0.0,0.1,0.2,0.30000000000000004,0.4,0.5,0.6000000000000001,0.7000000000000001,0.8,0.9
343,0.3,0.3,0.3,0.3,0.3,0.2,0.2,0.2,0.2,0.2,0.0,0.1,0.2,0.30000000000000004,0.4,0.5,0.6000000000000001,0.7000000000000001,0.8,0.9
344,0.3,0.3,0.3,0.3,0.3,0.3,0.3,0.3,0.3,0.3,0.0,0.1,0.2,0.30000000000000004,0.4,0.5,0.6000000000000001,0.7000000000000001,0.8,0.9
345,0.3,0.3,0.3,0.3,0.3,0.4,0.4,0.4,0.4,0.4,0.0,0.1,0.2,0.30000000000000004,0.4,0.5,0.6000000000000001,0.7000000000000001,0.8,0.9
346,0.3,0.3,0.3,0.3,0.3,0.5,0.5,0.5,0.5,0.5,0.0,0.1,0.2,0.30000000000000004,0.4,0.5,0.6000000000000001,0.7000000000000001,0.8,0.9
347,0.3,0.3,0.3,0.3,0.3,0.6,0.6,0.6,0.6,0.6,0.0,0.1,0.2,0.30000000000000004,0.4,0.5,0.6000000000000001,0.7000000000000001,0.8,0.9
348,0.3,0.3,0.3,0.3,0.3,0.7,0.7,0.7,0.7,0.7,0.0,0.1,0.2,0.30000000000000004,0.4,0.5,0.6000000000000001,0.7000000000000001,0.8,0.9
349,0.3,0.3,0.3,0.3,0.3,0.8,0.8,0.8,0.8,0.8,0.0,0.1,0.2,0.30000000000000004,0.4,0.5,0.6000000000000001,0.7000000000000001,0.8,0.9
350,0.3,0.3,0.3,0.3,0.3,0.9,0.9,0.9,0.9,0.9,0.0,0.1,0.2,0.30000000000000004,0.4,0.5,0.6000000000000001,0.7000000000000001,0.8,0.9
351,0.4,0.4,0.4,0.4,0.4,0.1,0.1,0.1,0.1,0.1,0.0,0.1,0.2,0.30000000000000004,0.4,0.5,0.6000000000000001,0.7000000000000001,0.8,0.9
352,0.4,0.4,0.4,0.4,0.4,0.2,0.2,0.2,0.2,0.2,0.0,0.1,0.2,0.30000000000000004,0.4,0.5,0.6000000000000001,0.7000000000000001,0.8,0.9
353,0.4,0.4,0.4,0.4,0.4,0.3,0.3,0.3,0.3,0.3,0.0,0.1,0.2,0.30000000000000004,0.4,0.5,0.6000000000000001,0.7000000000000001,0.8,0.9
354,0.4,0.4,0.4,0.4,0.4,0.4,0.4,0.4,0.4,0.4,0.0,0.1,0.2,0.30000000000000004,0.4,0.5,0.6000000000000001,0.7000000000000001,0.8,0.9
355,0.4,0.4,0.4,0.4,0.4,0.5,0.5,0.5,0.5,0.5,0.0,0.1,0.2,0.30000000000000004,0.4,0.5,0.6000000000000001,0.7000000000000001,0.8,0.9
356,0.4,0.4,0.4,0.4,0.4,0.6,0.6,0.6,0.6,0.6,0.0,0.1,0.2,0.30000000000000004,0.4,0.5,0.6000000000000001,0.7000000000000001,0.8,0.9
357,0.4,0.4,0.4,0.4,0.4,0.7,0.7,0.7,0.7,0.7,0.0,0.1,0.2,0.30000000000000004,0.4,0.5,0.6000000000000001,0.7000000000000001,0.8,0.9
358,0.4,0.4,0.4,0.4,0.4,0.8,0.8,0.8,0.8,0.8,0.0,0.1,0.2,0.30000000000000004,0.4,0.5,0.6000000000000001,0.7000000000000001,0.8,0.9
359,0.4,0.4,0.4,0.4,0.4,0.9,0.9,0.9,0.9,0.9,0.0,0.1,0.2,0.30000000000000004,0.4,0.5,0.6000000000000001,0.7000000000000001,0.8,0.9
360,0.5,0.5,0.5,0.5,0.5,0.1,0.1,0.1,0.1,0.1,0.0,0.1,0.2,0.30000000000000004,0.4,0.5,0.6000000000000001,0.7000000000000001,0.8,0.9
361,0.5,0.5,0.5,0.5,0.5,0.2,0.2,0.2,0.2,0.2,0.0,0.1,0.2,0.30000000000000004,0.4,0.5,0.6000000000000001,0.7000000000000001,0.8,0.9
362,0.5,0.5,0.5,0.5,0.5,0.3,0.3,0.3,0.3,0.3,0.0,0.1,0.2,0.30000000000000004,0.4,0.5,0.6000000000000001,0.7000000000000001,0.8,0.9
363,0.5,0.5,0.5,0.5,0.5,0.4,0.4,0.4,0.4,0.4,0.0,0.1,0.2,0.30000000000000004,0.4,0.5,0.6000000000000001,0.7000000000000001,0.8,0.9
364,0.5,0.5,0.5,0.5,0.5,0.5,0.5,0.5,0.5,0.5,0.0,0.1,0.2,0.30000000000000004,0.4,0.5,0.6000000000000001,0.7000000000000001,0.8,0.9
365,0.5,0.5,0.5,0.5,0.5,0.6,0.6,0.6,0.6,0.6,0.0,0.1,0.2,0.30000000000000004,0.4,0.5,0.6000000000000001,0.7000000000000001,0.8,0.9
366,0.5,0.5,0.5,0.5,0.5,0.7,0.7,0.7,0.7,0.7,0.0,0.1,0.2,0.30000000000000004,0.4,0.5,0.6000000000000001,0.7000000000000001,0.8,0.9
367,0.5,0.5,0.5,0.5,0.5,0.8,0.8,0.8,0.8,0.8,0.0,0.1,0.2,0.30000000000000004,0.4,0.5,0.6000000000000001,0.7000000000000001,0.8,0.9
368,0.5,0.5,0.5,0.5,0.5,0.9,0.9,0.9,0.9,0.9,0.0,0.1,0.2,0.30000000000000004,0.4,0.5,0.6000000000000001,0.7000000000000001,0.8,0.9
369,0.6,0.6,0.6,0.6,0.6,0.1,0.1,0.1,0.1,0.1,0.0,0.1,0.2,0.30000000000000004,0.4,0.5,0.6000000000000001,0.7000000000000001,0.8,0.9
370,0.6,0.6,0.6,0.6,0.6,0.2,0.2,0.2,0.2,0.2,0.0,0.1,0.2,0.30000000000000004,0.4,0.5,0.6000000000000001,0.7000000000000001,0.8,0.9
371,0.6,0.6,0.6,0.6,0.6,0.3,0.3,0.3,0.3,0.3,0.0,0.1,0.2,0.30000000000000004,0.4,0.5,0.6000000000000001,0.7000000000000001,0.8,0.9
372,0.6,0.6,0.6,0.6,0.6,0.4,0.4,0.4,0.4,0.4,0.0,0.1,0.2,0.30000000000000004,0.4,0.5,0.6000000000000001,0.7000000000000001,0.8,0.9
373,0.6,0.6,0.6,0.6,0.6,0.5,0.5,0.5,0.5,0.5,0.0,0.1,0.2,0.30000000000000004,0.4,0.5,0.6000000000000001,0.7000000000000001,0.8,0.9
374,0.6,0.6,0.6,0.6,0.6,0.6,0.6,0.6,0.6,0.6,0.0,0.1,0.2,0.30000000000000004,0.4,0.5,0.6000000000000001,0.7000000000000001,0.8,0.9
375,0.6,0.6,0.6,0.6,0.6,0.7,0.7,0.7,0.7,0.7,0.0,0.1,0.2,0.30000000000000004,0.4,0.5,0.6000000000000001,0.7000000000000001,0.8,0.9
376,0.6,0.6,0.6,0.6,0.6,0.8,0.8,0.8,0.8,0.8,0.0,0.1,0.2,0.30000000000000004,0.4,0.5,0.6000000000000001,0.7000000000000001,0.8,0.9
377,0.6,0.6,0.6,0.6,0.6,0.9,0.9,0.9,0.9,0.9,0.0,0.1,0.2,0.30000000000000004,0.4,0.5,0.6000000000000001,0.7000000000000001,0.8,0.9
378,0.7,0.7,0.7,0.7,0.7,0.1,0.1,0.1,0.1,0.1,0.0,0.1,0.2,0.30000000000000004,0.4,0.5,0.6000000000000001,0.7000000000000001,0.8,0.9
379,0.7,0.7,0.7,0.7,0.7,0.2,0.2,0.2,0.2,0.2,0.0,0.1,0.2,0.30000000000000004,0.4,0.5,0.6000000000000001,0.7000000000000001,0.8,0.9
380,0.7,0.7,0.7,0.7,0.7,0.3,0.3,0.3,0.3,0.3,0.0,0.1,0.2,0.30000000000000004,0.4,0.5,0.6000000000000001,0.7000000000000001,0.8,0.9
381,0.7,0.7,0.7,0.7,0.7,0.4,0.4,0.4,0.4,0.4,0.0,0.1,0.2,0.30000000000000004,0.4,0.5,0.6000000000000001,0.7000000000000001,0.8,0.9
382,0.7,0.7,0.7,0.7,0.7,0.5,0.5,0.5,0.5,0.5,0.0,0.1,0.2,0.30000000000000004,0.4,0.5,0.6000000000000001,0.7000000000000001,0.8,0.9
383,0.7,0.7,0.7,0.7,0.7,0.6,0.6,0.6,0.6,0.6,0.0,0.1,0.2,0.30000000000000004,0.4,0.5,0.6000000000000001,0.7000000000000001,0.8,0.9
384,0.7,0.7,0.7,0.7,0.7,0.7,0.7,0.7,0.7,0.7,0.0,0.1,0.2,0.30000000000000004,0.4,0.5,0.6000000000000001,0.7000000000000001,0.8,0.9
385,0.7,0.7,0.7,0.7,0.7,0.8,0.8,0.8,0.8,0.8,0.0,0.1,0.2,0.30000000000000004,0.4,0.5,0.6000000000000001,0.7000000000000001,0.8,0.9
386,0.7,0.7,0.7,0.7,0.7,0.9,0.9,0.9,0.9,0.9,0.0,0.1,0.2,0.30000000000000004,0.4,0.5,0.6000000000000001,0.7000000000000001,0.8,0.9
387,0.8,0.8,0.8,0.8,0.8,0.1,0.1,0.1,0.1,0.1,0.0,0.1,0.2,0.30000000000000004,0.4,0.5,0.6000000000000001,0.7000000000000001,0.8,0.9
388,0.8,0.8,0.8,0.8,0.8,0.2,0.2,0.2,0.2,0.2,0.0,0.1,0.2,0.30000000000000004,0.4,0.5,0.6000000000000001,0.7000000000000001,0.8,0.9
389,0.8,0.8,0.8,0.8,0.8,0.3,0.3,0.3,0.3,0.3,0.0,0.1,0.2,0.30000000000000004,0.4,0.5,0.6000000000000001,0.7000000000000001,0.8,0.9
390,0.8,0.8,0.8,0.8,0.8,0.4,0.4,0.4,0.4,0.4,0.0,0.1,0.2,0.30000000000000004,0.4,0.5,0.6000000000000001,0.7000000000000001,0.8,0.9
391,0.8,0.8,0.8,0.8,0.8,0.5,0.5,0.5,0.5,0.5,0.0,0.1,0.2,0.30000000000000004,0.4,0.5,0.6000000000000001,0.7000000000000001,0.8,0.9
392,0.8,0.8,0.8,0.8,0.8,0.6,0.6,0.6,0.6,0.6,0.0,0.1,0.2,0.30000000000000004,0.4,0.5,0.6000000000000001,0.7000000000000001,0.8,0.9
393,0.8,0.8,0.8,0.8,0.8,0.7,0.7,0.7,0.7,0.7,0.0,0.1,0.2,0.30000000000000004,0.4,0.5,0.6000000000000001,0.7000000000000001,0.8,0.9
394,0.8,0.8,0.8,0.8,0.8,0.8,0.8,0.8,0.8,0.8,0.0,0.1,0.2,0.30000000000000004,0.4,0.5,0.6000000000000001,0.7000000000000001,0.8,0.9
395,0.8,0.8,0.8,0.8,0.8,0.9,0.9,0.9,0.9,0.9,0.0,0.1,0.2,0.30000000000000004,0.4,0.5,0.6000000000000001,0.7000000000000001,0.8,0.9
396,0.9,0.9,0.9,0.9,0.9,0.1,0.1,0.1,0.1,0.1,0.0,0.1,0.2,0.30000000000000004,0.4,0.5,0.6000000000000001,0.7000000000000001,0.8,0.9
397,0.9,0.9,0.9,0.9,0.9,0.2,0.2,0.2,0.2,0.2,0.0,0.1,0.2,0.30000000000000004,0.4,0.5,0.6000000000000001,0.7000000000000001,0.8,0.9
398,0.9,0.9,0.9,0.9,0.9,0.3,0.3,0.3,0.3,0.3,0.0,0.1,0.2,0.30000000000000004,0.4,0.5,0.6000000000000001,0.7000000000000001,0.8,0.9
399,0.9,0.9,0.9,0.9,0.9,0.4,0.4,0.4,0.4,0.4,0.0,0.1,0.2,0.30000000000000004,0.4,0.5,0.6000000000000001,0.7000000000000001,0.8,0.9
400,0.9,0.9,0.9,0.9,0.9,0.5,0.5,0.5,0.5,0.5,0.0,0.1,0.2,0.30000000000000004,0.4,0.5,0.6000000000000001,0.7000000000000001,0.8,0.9
401,0.9,0.9,0.9,0.9,0.9,0.6,0.6,0.6,0.6,0.6,0.0,0.1,0.2,0.30000000000000004,0.4,0.5,0.6000000000000001,0.7000000000000001,0.8,0.9
402,0.9,0.9,0.9,0.9,0.9,0.7,0.7,0.7,0.7,0.7,0.0,0.1,0.2,0.30000000000000004,0.4,0.5,0.6000000000000001,0.7000000000000001,0.8,0.9
403,0.9,0.9,0.9,0.9,0.9,0.8,0.8,0.8,0.8,0.8,0.0,0.1,0.2,0.30000000000000004,0.4,0.5,0.6000000000000001,0.7000000000000001,0.8,0.9
404,0.9,0.9,0.9,0.9,0.9,0.9,0.9,0.9,0.9,0.9,0.0,0.1,0.2,0.30000000000000004,0.4,0.5,0.6000000000000001,0.7000000000000001,0.8,0.9
405,0.1,0.1,0.1,0.1,0.1,0.1,0.1,0.1,0.1,0.1,0.0,0.1,0.2,0.30000000000000004,0.4,0.5,0.6000000000000001,0.7000000000000001,0.8,0.9
406,0.1,0.1,0.1,0.1,0.1,0.1,0.2,0.2,0.2,0.2,0.0,0.1,0.2,0.30000000000000004,0.4,0.5,0.6000000000000001,0.7000000000000001,0.8,0.9
407,0.1,0.1,0.1,0.1,0.1,0.1,0.3,0.3,0.3,0.3,0.0,0.1,0.2,0.30000000000000004,0.4,0.5,0.6000000000000001,0.7000000000000001,0.8,0.9
408,0.1,0.1,0.1,0.1,0.1,0.1,0.4,0.4,0.4,0.4,0.0,0.1,0.2,0.30000000000000004,0.4,0.5,0.6000000000000001,0.7000000000000001,0.8,0.9
409,0.1,0.1,0.1,0.1,0.1,0.1,0.5,0.5,0.5,0.5,0.0,0.1,0.2,0.30000000000000004,0.4,0.5,0.6000000000000001,0.7000000000000001,0.8,0.9
410,0.1,0.1,0.1,0.1,0.1,0.1,0.6,0.6,0.6,0.6,0.0,0.1,0.2,0.30000000000000004,0.4,0.5,0.6000000000000001,0.7000000000000001,0.8,0.9
411,0.1,0.1,0.1,0.1,0.1,0.1,0.7,0.7,0.7,0.7,0.0,0.1,0.2,0.30000000000000004,0.4,0.5,0.6000000000000001,0.7000000000000001,0.8,0.9
412,0.1,0.1,0.1,0.1,0.1,0.1,0.8,0.8,0.8,0.8,0.0,0.1,0.2,0.30000000000000004,0.4,0.5,0.6000000000000001,0.7000000000000001,0.8,0.9
413,0.1,0.1,0.1,0.1,0.1,0.1,0.9,0.9,0.9,0.9,0.0,0.1,0.2,0.30000000000000004,0.4,0.5,0.6000000000000001,0.7000000000000001,0.8,0.9
414,0.2,0.2,0.2,0.2,0.2,0.2,0.1,0.1,0.1,0.1,0.0,0.1,0.2,0.30000000000000004,0.4,0.5,0.6000000000000001,0.7000000000000001,0.8,0.9
415,0.2,0.2,0.2,0.2,0.2,0.2,0.2,0.2,0.2,0.2,0.0,0.1,0.2,0.30000000000000004,0.4,0.5,0.6000000000000001,0.7000000000000001,0.8,0.9
416,0.2,0.2,0.2,0.2,0.2,0.2,0.3,0.3,0.3,0.3,0.0,0.1,0.2,0.30000000000000004,0.4,0.5,0.6000000000000001,0.7000000000000001,0.8,0.9
417,0.2,0.2,0.2,0.2,0.2,0.2,0.4,0.4,0.4,0.4,0.0,0.1,0.2,0.30000000000000004,0.4,0.5,0.6000000000000001,0.7000000000000001,0.8,0.9
418,0.2,0.2,0.2,0.2,0.2,0.2,0.5,0.5,0.5,0.5,0.0,0.1,0.2,0.30000000000000004,0.4,0.5,0.6000000000000001,0.7000000000000001,0.8,0.9
419,0.2,0.2,0.2,0.2,0.2,0.2,0.6,0.6,0.6,0.6,0.0,0.1,0.2,0.30000000000000004,0.4,0.5,0.6000000000000001,0.7000000000000001,0.8,0.9
420,0.2,0.2,0.2,0.2,0.2,0.2,0.7,0.7,0.7,0.7,0.0,0.1,0.2,0.30000000000000004,0.4,0.5,0.6000000000000001,0.7000000000000001,0.8,0.9
421,0.2,0.2,0.2,0.2,0.2,0.2,0.8,0.8,0.8,0.8,0.0,0.1,0.2,0.30000000000000004,0.4,0.5,0.6000000000000001,0.7000000000000001,0.8,0.9
422,0.2,0.2,0.2,0.2,0.2,0.2,0.9,0.9,0.9,0.9,0.0,0.1,0.2,0.30000000000000004,0.4,0.5,0.6000000000000001,0.7000000000000001,0.8,0.9
423,0.3,0.3,0.3,0.3,0.3,0.3,0.1,0.1,0.1,0.1,0.0,0.1,0.2,0.30000000000000004,0.4,0.5,0.6000000000000001,0.7000000000000001,0.8,0.9
424,0.3,0.3,0.3,0.3,0.3,0.3,0.2,0.2,0.2,0.2,0.0,0.1,0.2,0.30000000000000004,0.4,0.5,0.6000000000000001,0.7000000000000001,0.8,0.9
425,0.3,0.3,0.3,0.3,0.3,0.3,0.3,0.3,0.3,0.3,0.0,0.1,0.2,0.30000000000000004,0.4,0.5,0.6000000000000001,0.7000000000000001,0.8,0.9
426,0.3,0.3,0.3,0.3,0.3,0.3,0.4,0.4,0.4,0.4,0.0,0.1,0.2,0.30000000000000004,0.4,0.5,0.6000000000000001,0.7000000000000001,0.8,0.9
427,0.3,0.3,0.3,0.3,0.3,0.3,0.5,0.5,0.5,0.5,0.0,0.1,0.2,0.30000000000000004,0.4,0.5,0.6000000000000001,0.7000000000000001,0.8,0.9
428,0.3,0.3,0.3,0.3,0.3,0.3,0.6,0.6,0.6,0.6,0.0,0.1,0.2,0.30000000000000004,0.4,0.5,0.6000000000000001,0.7000000000000001,0.8,0.9
429,0.3,0.3,0.3,0.3,0.3,0.3,0.7,0.7,0.7,0.7,0.0,0.1,0.2,0.30000000000000004,0.4,0.5,0.6000000000000001,0.7000000000000001,0.8,0.9
430,0.3,0.3,0.3,0.3,0.3,0.3,0.8,0.8,0.8,0.8,0.0,0.1,0.2,0.30000000000000004,0.4,0.5,0.6000000000000001,0.7000000000000001,0.8,0.9
431,0.3,0.3,0.3,0.3,0.3,0.3,0.9,0.9,0.9,0.9,0.0,0.1,0.2,0.30000000000000004,0.4,0.5,0.6000000000000001,0.7000000000000001,0.8,0.9
432,0.4,0.4,0.4,0.4,0.4,0.4,0.1,0.1,0.1,0.1,0.0,0.1,0.2,0.30000000000000004,0.4,0.5,0.6000000000000001,0.7000000000000001,0.8,0.9
433,0.4,0.4,0.4,0.4,0.4,0.4,0.2,0.2,0.2,0.2,0.0,0.1,0.2,0.30000000000000004,0.4,0.5,0.6000000000000001,0.7000000000000001,0.8,0.9
434,0.4,0.4,0.4,0.4,0.4,0.4,0.3,0.3,0.3,0.3,0.0,0.1,0.2,0.30000000000000004,0.4,0.5,0.6000000000000001,0.7000000000000001,0.8,0.9
435,0.4,0.4,0.4,0.4,0.4,0.4,0.4,0.4,0.4,0.4,0.0,0.1,0.2,0.30000000000000004,0.4,0.5,0.6000000000000001,0.7000000000000001,0.8,0.9
436,0.4,0.4,0.4,0.4,0.4,0.4,0.5,0.5,0.5,0.5,0.0,0.1,0.2,0.30000000000000004,0.4,0.5,0.6000000000000001,0.7000000000000001,0.8,0.9
437,0.4,0.4,0.4,0.4,0.4,0.4,0.6,0.6,0.6,0.6,0.0,0.1,0.2,0.30000000000000004,0.4,0.5,0.6000000000000001,0.7000000000000001,0.8,0.9
438,0.4,0.4,0.4,0.4,0.4,0.4,0.7,0.7,0.7,0.7,0.0,0.1,0.2,0.30000000000000004,0.4,0.5,0.6000000000000001,0.7000000000000001,0.8,0.9
439,0.4,0.4,0.4,0.4,0.4,0.4,0.8,0.8,0.8,0.8,0.0,0.1,0.2,0.30000000000000004,0.4,0.5,0.6000000000000001,0.7000000000000001,0.8,0.9
440,0.4,0.4,0.4,0.4,0.4,0.4,0.9,0.9,0.9,0.9,0.0,0.1,0.2,0.30000000000000004,0.4,0.5,0.6000000000000001,0.7000000000000001,0.8,0.9
441,0.5,0.5,0.5,0.5,0.5,0.5,0.1,0.1,0.1,0.1,0.0,0.1,0.2,0.30000000000000004,0.4,0.5,0.6000000000000001,0.7000000000000001,0.8,0.9
442,0.5,0.5,0.5,0.5,0.5,0.5,0.2,0.2,0.2,0.2,0.0,0.1,0.2,0.30000000000000004,0.4,0.5,0.6000000000000001,0.7000000000000001,0.8,0.9
443,0.5,0.5,0.5,0.5,0.5,0.5,0.3,0.3,0.3,0.3,0.0,0.1,0.2,0.30000000000000004,0.4,0.5,0.6000000000000001,0.7000000000000001,0.8,0.9
444,0.5,0.5,0.5,0.5,0.5,0.5,0.4,0.4,0.4,0.4,0.0,0.1,0.2,0.30000000000000004,0.4,0.5,0.6000000000000001,0.7000000000000001,0.8,0.9
445,0.5,0.5,0.5,0.5,0.5,0.5,0.5,0.5,0.5,0.5,0.0,0.1,0.2,0.30000000000000004,0.4,0.5,0.6000000000000001,0.7000000000000001,0.8,0.9
446,0.5,0.5,0.5,0.5,0.5,0.5,0.6,0.6,0.6,0.6,0.0,0.1,0.2,0.30000000000000004,0.4,0.5,0.6000000000000001,0.7000000000000001,0.8,0.9
447,0.5,0.5,0.5,0.5,0.5,0.5,0.7,0.7,0.7,0.7,0.0,0.1,0.2,0.30000000000000004,0.4,0.5,0.6000000000000001,0.7000000000000001,0.8,0.9
448,0.5,0.5,0.5,0.5,0.5,0.5,0.8,0.8,0.8,0.8,0.0,0.1,0.2,0.30000000000000004,0.4,0.5,0.6000000000000001,0.7000000000000001,0.8,0.9
449,0.5,0.5,0.5,0.5,0.5,0.5,0.9,0.9,0.9,0.9,0.0,0.1,0.2,0.30000000000000004,0.4,0.5,0.6000000000000001,0.7000000000000001,0.8,0.9
450,0.6,0.6,0.6,0.6,0.6,0.6,0.1,0.1,0.1,0.1,0.0,0.1,0.2,0.30000000000000004,0.4,0.5,0.6000000000000001,0.7000000000000001,0.8,0.9
451,0.6,0.6,0.6,0.6,0.6,0.6,0.2,0.2,0.2,0.2,0.0,0.1,0.2,0.30000000000000004,0.4,0.5,0.6000000000000001,0.7000000000000001,0.8,0.9
452,0.6,0.6,0.6,0.6,0.6,0.6,0.3,0.3,0.3,0.3,0.0,0.1,0.2,0.30000000000000004,0.4,0.5,0.6000000000000001,0.7000000000000001,0.8,0.9
453,0.6,0.6,0.6,0.6,0.6,0.6,0.4,0.4,0.4,0.4,0.0,0.1,0.2,0.30000000000000004,0.4,0.5,0.6000000000000001,0.7000000000000001,0.8,0.9
454,0.6,0.6,0.6,0.6,0.6,0.6,0.5,0.5,0.5,0.5,0.0,0.1,0.2,0.30000000000000004,0.4,0.5,0.6000000000000001,0.7000000000000001,0.8,0.9
455,0.6,0.6,0.6,0.6,0.6,0.6,0.6,0.6,0.6,0.6,0.0,0.1,0.2,0.30000000000000004,0.4,0.5,0.6000000000000001,0.7000000000000001,0.8,0.9
456,0.6,0.6,0.6,0.6,0.6,0.6,0.7,0.7,0.7,0.7,0.0,0.1,0.2,0.30000000000000004,0.4,0.5,0.6000000000000001,0.7000000000000001,0.8,0.9
457,0.6,0.6,0.6,0.6,0.6,0.6,0.8,0.8,0.8,0.8,0.0,0.1,0.2,0.30000000000000004,0.4,0.5,0.6000000000000001,0.7000000000000001,0.8,0.9
458,0.6,0.6,0.6,0.6,0.6,0.6,0.9,0.9,0.9,0.9,0.0,0.1,0.2,0.30000000000000004,0.4,0.5,0.6000000000000001,0.7000000000000001,0.8,0.9
459,0.7,0.7,0.7,0.7,0.7,0.7,0.1,0.1,0.1,0.1,0.0,0.1,0.2,0.30000000000000004,0.4,0.5,0.6000000000000001,0.7000000000000001,0.8,0.9
460,0.7,0.7,0.7,0.7,0.7,0.7,0.2,0.2,0.2,0.2,0.0,0.1,0.2,0.30000000000000004,0.4,0.5,0.6000000000000001,0.7000000000000001,0.8,0.9
461,0.7,0.7,0.7,0.7,0.7,0.7,0.3,0.3,0.3,0.3,0.0,0.1,0.2,0.30000000000000004,0.4,0.5,0.6000000000000001,0.7000000000000001,0.8,0.9
462,0.7,0.7,0.7,0.7,0.7,0.7,0.4,0.4,0.4,0.4,0.0,0.1,0.2,0.30000000000000004,0.4,0.5,0.6000000000000001,0.7000000000000001,0.8,0.9
463,0.7,0.7,0.7,0.7,0.7,0.7,0.5,0.5,0.5,0.5,0.0,0.1,0.2,0.30000000000000004,0.4,0.5,0.6000000000000001,0.7000000000000001,0.8,0.9
464,0.7,0.7,0.7,0.7,0.7,0.7,0.6,0.6,0.6,0.6,0.0,0.1,0.2,0.30000000000000004,0.4,0.5,0.6000000000000001,0.7000000000000001,0.8,0.9
465,0.7,0.7,0.7,0.7,0.7,0.7,0.7,0.7,0.7,0.7,0.0,0.1,0.2,0.30000000000000004,0.4,0.5,0.6000000000000001,0.7000000000000001,0.8,0.9
466,0.7,0.7,0.7,0.7,0.7,0.7,0.8,0.8,0.8,0.8,0.0,0.1,0.2,0.30000000000000004,0.4,0.5,0.6000000000000001,0.7000000000000001,0.8,0.9
467,0.7,0.7,0.7,0.7,0.7,0.7,0.9,0.9,0.9,0.9,0.0,0.1,0.2,0.30000000000000004,0.4,0.5,0.6000000000000001,0.7000000000000001,0.8,0.9
468,0.8,0.8,0.8,0.8,0.8,0.8,0.1,0.1,0.1,0.1,0.0,0.1,0.2,0.30000000000000004,0.4,0.5,0.6000000000000001,0.7000000000000001,0.8,0.9
469,0.8,0.8,0.8,0.8,0.8,0.8,0.2,0.2,0.2,0.2,0.0,0.1,0.2,0.30000000000000004,0.4,0.5,0.6000000000000001,0.7000000000000001,0.8,0.9
470,0.8,0.8,0.8,0.8,0.8,0.8,0.3,0.3,0.3,0.3,0.0,0.1,0.2,0.30000000000000004,0.4,0.5,0.6000000000000001,0.7000000000000001,0.8,0.9
471,0.8,0.8,0.8,0.8,0.8,0.8,0.4,0.4,0.4,0.4,0.0,0.1,0.2,0.30000000000000004,0.4,0.5,0.6000000000000001,0.7000000000000001,0.8,0.9
472,0.8,0.8,0.8,0.8,0.8,0.8,0.5,0.5,0.5,0.5,0.0,0.1,0.2,0.30000000000000004,0.4,0.5,0.6000000000000001,0.7000000000000001,0.8,0.9
473,0.8,0.8,0.8,0.8,0.8,0.8,0.6,0.6,0.6,0.6,0.0,0.1,0.2,0.30000000000000004,0.4,0.5,0.6000000000000001,0.7000000000000001,0.8,0.9
474,0.8,0.8,0.8,0.8,0.8,0.8,0.7,0.7,0.7,0.7,0.0,0.1,0.2,0.30000000000000004,0.4,0.5,0.6000000000000001,0.7000000000000001,0.8,0.9
475,0.8,0.8,0.8,0.8,0.8,0.8,0.8,0.8,0.8,0.8,0.0,0.1,0.2,0.30000000000000004,0.4,0.5,0.6000000000000001,0.7000000000000001,0.8,0.9
476,0.8,0.8,0.8,0.8,0.8,0.8,0.9,0.9,0.9,0.9,0.0,0.1,0.2,0.30000000000000004,0.4,0.5,0.6000000000000001,0.7000000000000001,0.8,0.9
477,0.9,0.9,0.9,0.9,0.9,0.9,0.1,0.1,0.1,0.1,0.0,0.1,0.2,0.30000000000000004,0.4,0.5,0.6000000000000001,0.7000000000000001,0.8,0.9
478,0.9,0.9,0.9,0.9,0.9,0.9,0.2,0.2,0.2,0.2,0.0,0.1,0.2,0.30000000000000004,0.4,0.5,0.6000000000000001,0.7000000000000001,0.8,0.9
479,0.9,0.9,0.9,0.9,0.9,0.9,0.3,0.3,0.3,0.3,0.0,0.1,0.2,0.30000000000000004,0.4,0.5,0.6000000000000001,0.7000000000000001,0.8,0.9
480,0.9,0.9,0.9,0.9,0.9,0.9,0.4,0.4,0.4,0.4,0.0,0.1,0.2,0.30000000000000004,0.4,0.5,0.6000000000000001,0.7000000000000001,0.8,0.9
481,0.9,0.9,0.9,0.9,0.9,0.9,0.5,0.5,0.5,0.5,0.0,0.1,0.2,0.30000000000000004,0.4,0.5,0.6000000000000001,0.7000000000000001,0.8,0.9
482,0.9,0.9,0.9,0.9,0.9,0.9,0.6,0.6,0.6,0.6,0.0,0.1,0.2,0.30000000000000004,0.4,0.5,0.6000000000000001,0.7000000000000001,0.8,0.9
483,0.9,0.9,0.9,0.9,0.9,0.9,0.7,0.7,0.7,0.7,0.0,0.1,0.2,0.30000000000000004,0.4,0.5,0.6000000000000001,0.7000000000000001,0.8,0.9
484,0.9,0.9,0.9,0.9,0.9,0.9,0.8,0.8,0.8,0.8,0.0,0.1,0.2,0.30000000000000004,0.4,0.5,0.6000000000000001,0.7000000000000001,0.8,0.9
485,0.9,0.9,0.9,0.9,0.9,0.9,0.9,0.9,0.9,0.9,0.0,0.1,0.2,0.30000000000000004,0.4,0.5,0.6000000000000001,0.7000000000000001,0.8,0.9
486,0.1,0.1,0.1,0.1,0.1,0.1,0.1,0.1,0.1,0.1,0.0,0.1,0.2,0.30000000000000004,0.4,0.5,0.6000000000000001,0.7000000000000001,0.8,0.9
487,0.1,0.1,0.1,0.1,0.1,0.1,0.1,0.2,0.2,0.2,0.0,0.1,0.2,0.30000000000000004,0.4,0.5,0.6000000000000001,0.7000000000000001,0.8,0.9
488,0.1,0.1,0.1,0.1,0.1,0.1,0.1,0.3,0.3,0.3,0.0,0.1,0.2,0.30000000000000004,0.4,0.5,0.6000000000000001,0.7000000000000001,0.8,0.9
489,0.1,0.1,0.1,0.1,0.1,0.1,0.1,0.4,0.4,0.4,0.0,0.1,0.2,0.30000000000000004,0.4,0.5,0.6000000000000001,0.7000000000000001,0.8,0.9
490,0.1,0.1,0.1,0.1,0.1,0.1,0.1,0.5,0.5,0.5,0.0,0.1,0.2,0.30000000000000004,0.4,0.5,0.6000000000000001,0.7000000000000001,0.8,0.9
491,0.1,0.1,0.1,0.1,0.1,0.1,0.1,0.6,0.6,0.6,0.0,0.1,0.2,0.30000000000000004,0.4,0.5,0.6000000000000001,0.7000000000000001,0.8,0.9
492,0.1,0.1,0.1,0.1,0.1,0.1,0.1,0.7,0.7,0.7,0.0,0.1,0.2,0.30000000000000004,0.4,0.5,0.6000000000000001,0.7000000000000001,0.8,0.9
493,0.1,0.1,0.1,0.1,0.1,0.1,0.1,0.8,0.8,0.8,0.0,0.1,0.2,0.30000000000000004,0.4,0.5,0.6000000000000001,0.7000000000000001,0.8,0.9
494,0.1,0.1,0.1,0.1,0.1,0.1,0.1,0.9,0.9,0.9,0.0,0.1,0.2,0.30000000000000004,0.4,0.5,0.6000000000000001,0.7000000000000001,0.8,0.9
495,0.2,0.2,0.2,0.2,0.2,0.2,0.2,0.1,0.1,0.1,0.0,0.1,0.2,0.30000000000000004,0.4,0.5,0.6000000000000001,0.7000000000000001,0.8,0.9
496,0.2,0.2,0.2,0.2,0.2,0.2,0.2,0.2,0.2,0.2,0.0,0.1,0.2,0.30000000000000004,0.4,0.5,0.6000000000000001,0.7000000000000001,0.8,0.9
497,0.2,0.2,0.2,0.2,0.2,0.2,0.2,0.3,0.3,0.3,0.0,0.1,0.2,0.30000000000000004,0.4,0.5,0.6000000000000001,0.7000000000000001,0.8,0.9
498,0.2,0.2,0.2,0.2,0.2,0.2,0.2,0.4,0.4,0.4,0.0,0.1,0.2,0.30000000000000004,0.4,0.5,0.6000000000000001,0.7000000000000001,0.8,0.9
499,0.2,0.2,0.2,0.2,0.2,0.2,0.2,0.5,0.5,0.5,0.0,0.1,0.2,0.30000000000000004,0.4,0.5,0.6000000000000001,0.7000000000000001,0.8,0.9
500,0.2,0.2,0.2,0.2,0.2,0.2,0.2,0.6,0.6,0.6,0.0,0.1,0.2,0.30000000000000004,0.4,0.5,0.6000000000000001,0.7000000000000001,0.8,0.9
501,0.2,0.2,0.2,0.2,0.2,0.2,0.2,0.7,0.7,0.7,0.0,0.1,0.2,0.30000000000000004,0.4,0.5,0.6000000000000001,0.7000000000000001,0.8,0.9
502,0.2,0.2,0.2,0.2,0.2,0.2,0.2,0.8,0.8,0.8,0.0,0.1,0.2,0.30000000000000004,0.4,0.5,0.6000000000000001,0.7000000000000001,0.8,0.9
503,0.2,0.2,0.2,0.2,0.2,0.2,0.2,0.9,0.9,0.9,0.0,0.1,0.2,0.30000000000000004,0.4,0.5,0.6000000000000001,0.7000000000000001,0.8,0.9
504,0.3,0.3,0.3,0.3,0.3,0.3,0.3,0.1,0.1,0.1,0.0,0.1,0.2,0.30000000000000004,0.4,0.5,0.6000000000000001,0.7000000000000001,0.8,0.9
505,0.3,0.3,0.3,0.3,0.3,0.3,0.3,0.2,0.2,0.2,0.0,0.1,0.2,0.30000000000000004,0.4,0.5,0.6000000000000001,0.7000000000000001,0.8,0.9
506,0.3,0.3,0.3,0.3,0.3,0.3,0.3,0.3,0.3,0.3,0.0,0.1,0.2,0.30000000000000004,0.4,0.5,0.6000000000000001,0.7000000000000001,0.8,0.9
507,0.3,0.3,0.3,0.3,0.3,0.3,0.3,0.4,0.4,0.4,0.0,0.1,0.2,0.30000000000000004,0.4,0.5,0.6000000000000001,0.7000000000000001,0.8,0.9
508,0.3,0.3,0.3,0.3,0.3,0.3,0.3,0.5,0.5,0.5,0.0,0.1,0.2,0.30000000000000004,0.4,0.5,0.6000000000000001,0.7000000000000001,0.8,0.9
509,0.3,0.3,0.3,0.3,0.3,0.3,0.3,0.6,0.6,0.6,0.0,0.1,0.2,0.30000000000000004,0.4,0.5,0.6000000000000001,0.7000000000000001,0.8,0.9
510,0.3,0.3,0.3,0.3,0.3,0.3,0.3,0.7,0.7,0.7,0.0,0.1,0.2,0.30000000000000004,0.4,0.5,0.6000000000000001,0.7000000000000001,0.8,0.9
511,0.3,0.3,0.3,0.3,0.3,0.3,0.3,0.8,0.8,0.8,0.0,0.1,0.2,0.30000000000000004,0.4,0.5,0.6000000000000001,0.7000000000000001,0.8,0.9
512,0.3,0.3,0.3,0.3,0.3,0.3,0.3,0.9,0.9,0.9,0.0,0.1,0.2,0.30000000000000004,0.4,0.5,0.6000000000000001,0.7000000000000001,0.8,0.9
513,0.4,0.4,0.4,0.4,0.4,0.4,0.4,0.1,0.1,0.1,0.0,0.1,0.2,0.30000000000000004,0.4,0.5,0.6000000000000001,0.7000000000000001,0.8,0.9
514,0.4,0.4,0.4,0.4,0.4,0.4,0.4,0.2,0.2,0.2,0.0,0.1,0.2,0.30000000000000004,0.4,0.5,0.6000000000000001,0.7000000000000001,0.8,0.9
515,0.4,0.4,0.4,0.4,0.4,0.4,0.4,0.3,0.3,0.3,0.0,0.1,0.2,0.30000000000000004,0.4,0.5,0.6000000000000001,0.7000000000000001,0.8,0.9
516,0.4,0.4,0.4,0.4,0.4,0.4,0.4,0.4,0.4,0.4,0.0,0.1,0.2,0.30000000000000004,0.4,0.5,0.6000000000000001,0.7000000000000001,0.8,0.9
517,0.4,0.4,0.4,0.4,0.4,0.4,0.4,0.5,0.5,0.5,0.0,0.1,0.2,0.30000000000000004,0.4,0.5,0.6000000000000001,0.7000000000000001,0.8,0.9
518,0.4,0.4,0.4,0.4,0.4,0.4,0.4,0.6,0.6,0.6,0.0,0.1,0.2,0.30000000000000004,0.4,0.5,0.6000000000000001,0.7000000000000001,0.8,0.9
519,0.4,0.4,0.4,0.4,0.4,0.4,0.4,0.7,0.7,0.7,0.0,0.1,0.2,0.30000000000000004,0.4,0.5,0.6000000000000001,0.7000000000000001,0.8,0.9
520,0.4,0.4,0.4,0.4,0.4,0.4,0.4,0.8,0.8,0.8,0.0,0.1,0.2,0.30000000000000004,0.4,0.5,0.6000000000000001,0.7000000000000001,0.8,0.9
521,0.4,0.4,0.4,0.4,0.4,0.4,0.4,0.9,0.9,0.9,0.0,0.1,0.2,0.30000000000000004,0.4,0.5,0.6000000000000001,0.7000000000000001,0.8,0.9
522,0.5,0.5,0.5,0.5,0.5,0.5,0.5,0.1,0.1,0.1,0.0,0.1,0.2,0.30000000000000004,0.4,0.5,0.6000000000000001,0.7000000000000001,0.8,0.9
523,0.5,0.5,0.5,0.5,0.5,0.5,0.5,0.2,0.2,0.2,0.0,0.1,0.2,0.30000000000000004,0.4,0.5,0.6000000000000001,0.7000000000000001,0.8,0.9
524,0.5,0.5,0.5,0.5,0.5,0.5,0.5,0.3,0.3,0.3,0.0,0.1,0.2,0.30000000000000004,0.4,0.5,0.6000000000000001,0.7000000000000001,0.8,0.9
525,0.5,0.5,0.5,0.5,0.5,0.5,0.5,0.4,0.4,0.4,0.0,0.1,0.2,0.30000000000000004,0.4,0.5,0.6000000000000001,0.7000000000000001,0.8,0.9
526,0.5,0.5,0.5,0.5,0.5,0.5,0.5,0.5,0.5,0.5,0.0,0.1,0.2,0.30000000000000004,0.4,0.5,0.6000000000000001,0.7000000000000001,0.8,0.9
527,0.5,0.5,0.5,0.5,0.5,0.5,0.5,0.6,0.6,0.6,0.0,0.1,0.2,0.30000000000000004,0.4,0.5,0.6000000000000001,0.7000000000000001,0.8,0.9
528,0.5,0.5,0.5,0.5,0.5,0.5,0.5,0.7,0.7,0.7,0.0,0.1,0.2,0.30000000000000004,0.4,0.5,0.6000000000000001,0.7000000000000001,0.8,0.9
529,0.5,0.5,0.5,0.5,0.5,0.5,0.5,0.8,0.8,0.8,0.0,0.1,0.2,0.30000000000000004,0.4,0.5,0.6000000000000001,0.7000000000000001,0.8,0.9
530,0.5,0.5,0.5,0.5,0.5,0.5,0.5,0.9,0.9,0.9,0.0,0.1,0.2,0.30000000000000004,0.4,0.5,0.6000000000000001,0.7000000000000001,0.8,0.9
531,0.6,0.6,0.6,0.6,0.6,0.6,0.6,0.1,0.1,0.1,0.0,0.1,0.2,0.30000000000000004,0.4,0.5,0.6000000000000001,0.7000000000000001,0.8,0.9
532,0.6,0.6,0.6,0.6,0.6,0.6,0.6,0.2,0.2,0.2,0.0,0.1,0.2,0.30000000000000004,0.4,0.5,0.6000000000000001,0.7000000000000001,0.8,0.9
533,0.6,0.6,0.6,0.6,0.6,0.6,0.6,0.3,0.3,0.3,0.0,0.1,0.2,0.30000000000000004,0.4,0.5,0.6000000000000001,0.7000000000000001,0.8,0.9
534,0.6,0.6,0.6,0.6,0.6,0.6,0.6,0.4,0.4,0.4,0.0,0.1,0.2,0.30000000000000004,0.4,0.5,0.6000000000000001,0.7000000000000001,0.8,0.9
535,0.6,0.6,0.6,0.6,0.6,0.6,0.6,0.5,0.5,0.5,0.0,0.1,0.2,0.30000000000000004,0.4,0.5,0.6000000000000001,0.7000000000000001,0.8,0.9
536,0.6,0.6,0.6,0.6,0.6,0.6,0.6,0.6,0.6,0.6,0.0,0.1,0.2,0.30000000000000004,0.4,0.5,0.6000000000000001,0.7000000000000001,0.8,0.9
537,0.6,0.6,0.6,0.6,0.6,0.6,0.6,0.7,0.7,0.7,0.0,0.1,0.2,0.30000000000000004,0.4,0.5,0.6000000000000001,0.7000000000000001,0.8,0.9
538,0.6,0.6,0.6,0.6,0.6,0.6,0.6,0.8,0.8,0.8,0.0,0.1,0.2,0.30000000000000004,0.4,0.5,0.6000000000000001,0.7000000000000001,0.8,0.9
539,0.6,0.6,0.6,0.6,0.6,0.6,0.6,0.9,0.9,0.9,0.0,0.1,0.2,0.30000000000000004,0.4,0.5,0.6000000000000001,0.7000000000000001,0.8,0.9
540,0.7,0.7,0.7,0.7,0.7,0.7,0.7,0.1,0.1,0.1,0.0,0.1,0.2,0.30000000000000004,0.4,0.5,0.6000000000000001,0.7000000000000001,0.8,0.9
541,0.7,0.7,0.7,0.7,0.7,0.7,0.7,0.2,0.2,0.2,0.0,0.1,0.2,0.30000000000000004,0.4,0.5,0.6000000000000001,0.7000000000000001,0.8,0.9
542,0.7,0.7,0.7,0.7,0.7,0.7,0.7,0.3,0.3,0.3,0.0,0.1,0.2,0.30000000000000004,0.4,0.5,0.6000000000000001,0.7000000000000001,0.8,0.9
543,0.7,0.7,0.7,0.7,0.7,0.7,0.7,0.4,0.4,0.4,0.0,0.1,0.2,0.30000000000000004,0.4,0.5,0.6000000000000001,0.7000000000000001,0.8,0.9
544,0.7,0.7,0.7,0.7,0.7,0.7,0.7,0.5,0.5,0.5,0.0,0.1,0.2,0.30000000000000004,0.4,0.5,0.6000000000000001,0.7000000000000001,0.8,0.9
545,0.7,0.7,0.7,0.7,0.7,0.7,0.7,0.6,0.6,0.6,0.0,0.1,0.2,0.30000000000000004,0.4,0.5,0.6000000000000001,0.7000000000000001,0.8,0.9
546,0.7,0.7,0.7,0.7,0.7,0.7,0.7,0.7,0.7,0.7,0.0,0.1,0.2,0.30000000000000004,0.4,0.5,0.6000000000000001,0.7000000000000001,0.8,0.9
547,0.7,0.7,0.7,0.7,0.7,0.7,0.7,0.8,0.8,0.8,0.0,0.1,0.2,0.30000000000000004,0.4,0.5,0.6000000000000001,0.7000000000000001,0.8,0.9
548,0.7,0.7,0.7,0.7,0.7,0.7,0.7,0.9,0.9,0.9,0.0,0.1,0.2,0.30000000000000004,0.4,0.5,0.6000000000000001,0.7000000000000001,0.8,0.9
549,0.8,0.8,0.8,0.8,0.8,0.8,0.8,0.1,0.1,0.1,0.0,0.1,0.2,0.30000000000000004,0.4,0.5,0.6000000000000001,0.7000000000000001,0.8,0.9
550,0.8,0.8,0.8,0.8,0.8,0.8,0.8,0.2,0.2,0.2,0.0,0.1,0.2,0.30000000000000004,0.4,0.5,0.6000000000000001,0.7000000000000001,0.8,0.9
551,0.8,0.8,0.8,0.8,0.8,0.8,0.8,0.3,0.3,0.3,0.0,0.1,0.2,0.30000000000000004,0.4,0.5,0.6000000000000001,0.7000000000000001,0.8,0.9
552,0.8,0.8,0.8,0.8,0.8,0.8,0.8,0.4,0.4,0.4,0.0,0.1,0.2,0.30000000000000004,0.4,0.5,0.6000000000000001,0.7000000000000001,0.8,0.9
553,0.8,0.8,0.8,0.8,0.8,0.8,0.8,0.5,0.5,0.5,0.0,0.1,0.2,0.30000000000000004,0.4,0.5,0.6000000000000001,0.7000000000000001,0.8,0.9
554,0.8,0.8,0.8,0.8,0.8,0.8,0.8,0.6,0.6,0.6,0.0,0.1,0.2,0.30000000000000004,0.4,0.5,0.6000000000000001,0.7000000000000001,0.8,0.9
555,0.8,0.8,0.8,0.8,0.8,0.8,0.8,0.7,0.7,0.7,0.0,0.1,0.2,0.30000000000000004,0.4,0.5,0.6000000000000001,0.7000000000000001,0.8,0.9
556,0.8,0.8,0.8,0.8,0.8,0.8,0.8,0.8,0.8,0.8,0.0,0.1,0.2,0.30000000000000004,0.4,0.5,0.6000000000000001,0.7000000000000001,0.8,0.9
557,0.8,0.8,0.8,0.8,0.8,0.8,0.8,0.9,0.9,0.9,0.0,0.1,0.2,0.30000000000000004,0.4,0.5,0.6000000000000001,0.7000000000000001,0.8,0.9
558,0.9,0.9,0.9,0.9,0.9,0.9,0.9,0.1,0.1,0.1,0.0,0.1,0.2,0.30000000000000004,0.4,0.5,0.6000000000000001,0.7000000000000001,0.8,0.9
559,0.9,0.9,0.9,0.9,0.9,0.9,0.9,0.2,0.2,0.2,0.0,0.1,0.2,0.30000000000000004,0.4,0.5,0.6000000000000001,0.7000000000000001,0.8,0.9
560,0.9,0.9,0.9,0.9,0.9,0.9,0.9,0.3,0.3,0.3,0.0,0.1,0.2,0.30000000000000004,0.4,0.5,0.6000000000000001,0.7000000000000001,0.8,0.9
561,0.9,0.9,0.9,0.9,0.9,0.9,0.9,0.4,0.4,0.4,0.0,0.1,0.2,0.30000000000000004,0.4,0.5,0.6000000000000001,0.7000000000000001,0.8,0.9
562,0.9,0.9,0.9,0.9,0.9,0.9,0.9,0.5,0.5,0.5,0.0,0.1,0.2,0.30000000000000004,0.4,0.5,0.6000000000000001,0.7000000000000001,0.8,0.9
563,0.9,0.9,0.9,0.9,0.9,0.9,0.9,0.6,0.6,0.6,0.0,0.1,0.2,0.30000000000000004,0.4,0.5,0.6000000000000001,0.7000000000000001,0.8,0.9
564,0.9,0.9,0.9,0.9,0.9,0.9,0.9,0.7,0.7,0.7,0.0,0.1,0.2,0.30000000000000004,0.4,0.5,0.6000000000000001,0.7000000000000001,0.8,0.9
565,0.9,0.9,0.9,0.9,0.9,0.9,0.9,0.8,0.8,0.8,0.0,0.1,0.2,0.30000000000000004,0.4,0.5,0.6000000000000001,0.7000000000000001,0.8,0.9
566,0.9,0.9,0.9,0.9,0.9,0.9,0.9,0.9,0.9,0.9,0.0,0.1,0.2,0.30000000000000004,0.4,0.5,0.6000000000000001,0.7000000000000001,0.8,0.9
567,0.1,0.1,0.1,0.1,0.1,0.1,0.1,0.1,0.1,0.1,0.0,0.1,0.2,0.30000000000000004,0.4,0.5,0.6000000000000001,0.7000000000000001,0.8,0.9
568,0.1,0.1,0.1,0.1,0.1,0.1,0.1,0.1,0.2,0.2,0.0,0.1,0.2,0.30000000000000004,0.4,0.5,0.6000000000000001,0.7000000000000001,0.8,0.9
569,0.1,0.1,0.1,0.1,0.1,0.1,0.1,0.1,0.3,0.3,0.0,0.1,0.2,0.30000000000000004,0.4,0.5,0.6000000000000001,0.7000000000000001,0.8,0.9
570,0.1,0.1,0.1,0.1,0.1,0.1,0.1,0.1,0.4,0.4,0.0,0.1,0.2,0.30000000000000004,0.4,0.5,0.6000000000000001,0.7000000000000001,0.8,0.9
571,0.1,0.1,0.1,0.1,0.1,0.1,0.1,0.1,0.5,0.5,0.0,0.1,0.2,0.30000000000000004,0.4,0.5,0.6000000000000001,0.7000000000000001,0.8,0.9
572,0.1,0.1,0.1,0.1,0.1,0.1,0.1,0.1,0.6,0.6,0.0,0.1,0.2,0.30000000000000004,0.4,0.5,0.6000000000000001,0.7000000000000001,0.8,0.9
573,0.1,0.1,0.1,0.1,0.1,0.1,0.1,0.1,0.7,0.7,0.0,0.1,0.2,0.30000000000000004,0.4,0.5,0.6000000000000001,0.7000000000000001,0.8,0.9
574,0.1,0.1,0.1,0.1,0.1,0.1,0.1,0.1,0.8,0.8,0.0,0.1,0.2,0.30000000000000004,0.4,0.5,0.6000000000000001,0.7000000000000001,0.8,0.9
575,0.1,0.1,0.1,0.1,0.1,0.1,0.1,0.1,0.9,0.9,0.0,0.1,0.2,0.30000000000000004,0.4,0.5,0.6000000000000001,0.7000000000000001,0.8,0.9
576,0.2,0.2,0.2,0.2,0.2,0.2,0.2,0.2,0.1,0.1,0.0,0.1,0.2,0.30000000000000004,0.4,0.5,0.6000000000000001,0.7000000000000001,0.8,0.9
577,0.2,0.2,0.2,0.2,0.2,0.2,0.2,0.2,0.2,0.2,0.0,0.1,0.2,0.30000000000000004,0.4,0.5,0.6000000000000001,0.7000000000000001,0.8,0.9
578,0.2,0.2,0.2,0.2,0.2,0.2,0.2,0.2,0.3,0.3,0.0,0.1,0.2,0.30000000000000004,0.4,0.5,0.6000000000000001,0.7000000000000001,0.8,0.9
579,0.2,0.2,0.2,0.2,0.2,0.2,0.2,0.2,0.4,0.4,0.0,0.1,0.2,0.30000000000000004,0.4,0.5,0.6000000000000001,0.7000000000000001,0.8,0.9
580,0.2,0.2,0.2,0.2,0.2,0.2,0.2,0.2,0.5,0.5,0.0,0.1,0.2,0.30000000000000004,0.4,0.5,0.6000000000000001,0.7000000000000001,0.8,0.9
581,0.2,0.2,0.2,0.2,0.2,0.2,0.2,0.2,0.6,0.6,0.0,0.1,0.2,0.30000000000000004,0.4,0.5,0.6000000000000001,0.7000000000000001,0.8,0.9
582,0.2,0.2,0.2,0.2,0.2,0.2,0.2,0.2,0.7,0.7,0.0,0.1,0.2,0.30000000000000004,0.4,0.5,0.6000000000000001,0.7000000000000001,0.8,0.9
583,0.2,0.2,0.2,0.2,0.2,0.2,0.2,0.2,0.8,0.8,0.0,0.1,0.2,0.30000000000000004,0.4,0.5,0.6000000000000001,0.7000000000000001,0.8,0.9
584,0.2,0.2,0.2,0.2,0.2,0.2,0.2,0.2,0.9,0.9,0.0,0.1,0.2,0.30000000000000004,0.4,0.5,0.6000000000000001,0.7000000000000001,0.8,0.9
585,0.3,0.3,0.3,0.3,0.3,0.3,0.3,0.3,0.1,0.1,0.0,0.1,0.2,0.30000000000000004,0.4,0.5,0.6000000000000001,0.7000000000000001,0.8,0.9
586,0.3,0.3,0.3,0.3,0.3,0.3,0.3,0.3,0.2,0.2,0.0,0.1,0.2,0.30000000000000004,0.4,0.5,0.6000000000000001,0.7000000000000001,0.8,0.9
587,0.3,0.3,0.3,0.3,0.3,0.3,0.3,0.3,0.3,0.3,0.0,0.1,0.2,0.30000000000000004,0.4,0.5,0.6000000000000001,0.7000000000000001,0.8,0.9
588,0.3,0.3,0.3,0.3,0.3,0.3,0.3,0.3,0.4,0.4,0.0,0.1,0.2,0.30000000000000004,0.4,0.5,0.6000000000000001,0.7000000000000001,0.8,0.9
589,0.3,0.3,0.3,0.3,0.3,0.3,0.3,0.3,0.5,0.5,0.0,0.1,0.2,0.30000000000000004,0.4,0.5,0.6000000000000001,0.7000000000000001,0.8,0.9
590,0.3,0.3,0.3,0.3,0.3,0.3,0.3,0.3,0.6,0.6,0.0,0.1,0.2,0.30000000000000004,0.4,0.5,0.6000000000000001,0.7000000000000001,0.8,0.9
591,0.3,0.3,0.3,0.3,0.3,0.3,0.3,0.3,0.7,0.7,0.0,0.1,0.2,0.30000000000000004,0.4,0.5,0.6000000000000001,0.7000000000000001,0.8,0.9
592,0.3,0.3,0.3,0.3,0.3,0.3,0.3,0.3,0.8,0.8,0.0,0.1,0.2,0.30000000000000004,0.4,0.5,0.6000000000000001,0.7000000000000001,0.8,0.9
593,0.3,0.3,0.3,0.3,0.3,0.3,0.3,0.3,0.9,0.9,0.0,0.1,0.2,0.30000000000000004,0.4,0.5,0.6000000000000001,0.7000000000000001,0.8,0.9
594,0.4,0.4,0.4,0.4,0.4,0.4,0.4,0.4,0.1,0.1,0.0,0.1,0.2,0.30000000000000004,0.4,0.5,0.6000000000000001,0.7000000000000001,0.8,0.9
595,0.4,0.4,0.4,0.4,0.4,0.4,0.4,0.4,0.2,0.2,0.0,0.1,0.2,0.30000000000000004,0.4,0.5,0.6000000000000001,0.7000000000000001,0.8,0.9
596,0.4,0.4,0.4,0.4,0.4,0.4,0.4,0.4,0.3,0.3,0.0,0.1,0.2,0.30000000000000004,0.4,0.5,0.6000000000000001,0.7000000000000001,0.8,0.9
597,0.4,0.4,0.4,0.4,0.4,0.4,0.4,0.4,0.4,0.4,0.0,0.1,0.2,0.30000000000000004,0.4,0.5,0.6000000000000001,0.7000000000000001,0.8,0.9
598,0.4,0.4,0.4,0.4,0.4,0.4,0.4,0.4,0.5,0.5,0.0,0.1,0.2,0.30000000000000004,0.4,0.5,0.6000000000000001,0.7000000000000001,0.8,0.9
599,0.4,0.4,0.4,0.4,0.4,0.4,0.4,0.4,0.6,0.6,0.0,0.1,0.2,0.30000000000000004,0.4,0.5,0.6000000000000001,0.7000000000000001,0.8,0.9
600,0.4,0.4,0.4,0.4,0.4,0.4,0.4,0.4,0.7,0.7,0.0,0.1,0.2,0.30000000000000004,0.4,0.5,0.6000000000000001,0.7000000000000001,0.8,0.9
601,0.4,0.4,0.4,0.4,0.4,0.4,0.4,0.4,0.8,0.8,0.0,0.1,0.2,0.30000000000000004,0.4,0.5,0.6000000000000001,0.7000000000000001,0.8,0.9
602,0.4,0.4,0.4,0.4,0.4,0.4,0.4,0.4,0.9,0.9,0.0,0.1,0.2,0.30000000000000004,0.4,0.5,0.6000000000000001,0.7000000000000001,0.8,0.9
603,0.5,0.5,0.5,0.5,0.5,0.5,0.5,0.5,0.1,0.1,0.0,0.1,0.2,0.30000000000000004,0.4,0.5,0.6000000000000001,0.7000000000000001,0.8,0.9
604,0.5,0.5,0.5,0.5,0.5,0.5,0.5,0.5,0.2,0.2,0.0,0.1,0.2,0.30000000000000004,0.4,0.5,0.6000000000000001,0.7000000000000001,0.8,0.9
605,0.5,0.5,0.5,0.5,0.5,0.5,0.5,0.5,0.3,0.3,0.0,0.1,0.2,0.30000000000000004,0.4,0.5,0.6000000000000001,0.7000000000000001,0.8,0.9
606,0.5,0.5,0.5,0.5,0.5,0.5,0.5,0.5,0.4,0.4,0.0,0.1,0.2,0.30000000000000004,0.4,0.5,0.6000000000000001,0.7000000000000001,0.8,0.9
607,0.5,0.5,0.5,0.5,0.5,0.5,0.5,0.5,0.5,0.5,0.0,0.1,0.2,0.30000000000000004,0.4,0.5,0.6000000000000001,0.7000000000000001,0.8,0.9
608,0.5,0.5,0.5,0.5,0.5,0.5,0.5,0.5,0.6,0.6,0.0,0.1,0.2,0.30000000000000004,0.4,0.5,0.6000000000000001,0.7000000000000001,0.8,0.9
609,0.5,0.5,0.5,0.5,0.5,0.5,0.5,0.5,0.7,0.7,0.0,0.1,0.2,0.30000000000000004,0.4,0.5,0.6000000000000001,0.7000000000000001,0.8,0.9
610,0.5,0.5,0.5,0.5,0.5,0.5,0.5,0.5,0.8,0.8,0.0,0.1,0.2,0.30000000000000004,0.4,0.5,0.6000000000000001,0.7000000000000001,0.8,0.9
611,0.5,0.5,0.5,0.5,0.5,0.5,0.5,0.5,0.9,0.9,0.0,0.1,0.2,0.30000000000000004,0.4,0.5,0.6000000000000001,0.7000000000000001,0.8,0.9
612,0.6,0.6,0.6,0.6,0.6,0.6,0.6,0.6,0.1,0.1,0.0,0.1,0.2,0.30000000000000004,0.4,0.5,0.6000000000000001,0.7000000000000001,0.8,0.9
613,0.6,0.6,0.6,0.6,0.6,0.6,0.6,0.6,0.2,0.2,0.0,0.1,0.2,0.30000000000000004,0.4,0.5,0.6000000000000001,0.7000000000000001,0.8,0.9
614,0.6,0.6,0.6,0.6,0.6,0.6,0.6,0.6,0.3,0.3,0.0,0.1,0.2,0.30000000000000004,0.4,0.5,0.6000000000000001,0.7000000000000001,0.8,0.9
615,0.6,0.6,0.6,0.6,0.6,0.6,0.6,0.6,0.4,0.4,0.0,0.1,0.2,0.30000000000000004,0.4,0.5,0.6000000000000001,0.7000000000000001,0.8,0.9
616,0.6,0.6,0.6,0.6,0.6,0.6,0.6,0.6,0.5,0.5,0.0,0.1,0.2,0.30000000000000004,0.4,0.5,0.6000000000000001,0.7000000000000001,0.8,0.9
617,0.6,0.6,0.6,0.6,0.6,0.6,0.6,0.6,0.6,0.6,0.0,0.1,0.2,0.30000000000000004,0.4,0.5,0.6000000000000001,0.7000000000000001,0.8,0.9
618,0.6,0.6,0.6,0.6,0.6,0.6,0.6,0.6,0.7,0.7,0.0,0.1,0.2,0.30000000000000004,0.4,0.5,0.6000000000000001,0.7000000000000001,0.8,0.9
619,0.6,0.6,0.6,0.6,0.6,0.6,0.6,0.6,0.8,0.8,0.0,0.1,0.2,0.30000000000000004,0.4,0.5,0.6000000000000001,0.7000000000000001,0.8,0.9
620,0.6,0.6,0.6,0.6,0.6,0.6,0.6,0.6,0.9,0.9,0.0,0.1,0.2,0.30000000000000004,0.4,0.5,0.6000000000000001,0.7000000000000001,0.8,0.9
621,0.7,0.7,0.7,0.7,0.7,0.7,0.7,0.7,0.1,0.1,0.0,0.1,0.2,0.30000000000000004,0.4,0.5,0.6000000000000001,0.7000000000000001,0.8,0.9
622,0.7,0.7,0.7,0.7,0.7,0.7,0.7,0.7,0.2,0.2,0.0,0.1,0.2,0.30000000000000004,0.4,0.5,0.6000000000000001,0.7000000000000001,0.8,0.9
623,0.7,0.7,0.7,0.7,0.7,0.7,0.7,0.7,0.3,0.3,0.0,0.1,0.2,0.30000000000000004,0.4,0.5,0.6000000000000001,0.7000000000000001,0.8,0.9
624,0.7,0.7,0.7,0.7,0.7,0.7,0.7,0.7,0.4,0.4,0.0,0.1,0.2,0.30000000000000004,0.4,0.5,0.6000000000000001,0.7000000000000001,0.8,0.9
625,0.7,0.7,0.7,0.7,0.7,0.7,0.7,0.7,0.5,0.5,0.0,0.1,0.2,0.30000000000000004,0.4,0.5,0.6000000000000001,0.7000000000000001,0.8,0.9
626,0.7,0.7,0.7,0.7,0.7,0.7,0.7,0.7,0.6,0.6,0.0,0.1,0.2,0.30000000000000004,0.4,0.5,0.6000000000000001,0.7000000000000001,0.8,0.9
627,0.7,0.7,0.7,0.7,0.7,0.7,0.7,0.7,0.7,0.7,0.0,0.1,0.2,0.30000000000000004,0.4,0.5,0.6000000000000001,0.7000000000000001,0.8,0.9
628,0.7,0.7,0.7,0.7,0.7,0.7,0.7,0.7,0.8,0.8,0.0,0.1,0.2,0.30000000000000004,0.4,0.5,0.6000000000000001,0.7000000000000001,0.8,0.9
629,0.7,0.7,0.7,0.7,0.7,0.7,0.7,0.7,0.9,0.9,0.0,0.1,0.2,0.30000000000000004,0.4,0.5,0.6000000000000001,0.7000000000000001,0.8,0.9
630,0.8,0.8,0.8,0.8,0.8,0.8,0.8,0.8,0.1,0.1,0.0,0.1,0.2,0.30000000000000004,0.4,0.5,0.6000000000000001,0.7000000000000001,0.8,0.9
631,0.8,0.8,0.8,0.8,0.8,0.8,0.8,0.8,0.2,0.2,0.0,0.1,0.2,0.30000000000000004,0.4,0.5,0.6000000000000001,0.7000000000000001,0.8,0.9
632,0.8,0.8,0.8,0.8,0.8,0.8,0.8,0.8,0.3,0.3,0.0,0.1,0.2,0.30000000000000004,0.4,0.5,0.6000000000000001,0.7000000000000001,0.8,0.9
633,0.8,0.8,0.8,0.8,0.8,0.8,0.8,0.8,0.4,0.4,0.0,0.1,0.2,0.30000000000000004,0.4,0.5,0.6000000000000001,0.7000000000000001,0.8,0.9
634,0.8,0.8,0.8,0.8,0.8,0.8,0.8,0.8,0.5,0.5,0.0,0.1,0.2,0.30000000000000004,0.4,0.5,0.6000000000000001,0.7000000000000001,0.8,0.9
635,0.8,0.8,0.8,0.8,0.8,0.8,0.8,0.8,0.6,0.6,0.0,0.1,0.2,0.30000000000000004,0.4,0.5,0.6000000000000001,0.7000000000000001,0.8,0.9
636,0.8,0.8,0.8,0.8,0.8,0.8,0.8,0.8,0.7,0.7,0.0,0.1,0.2,0.30000000000000004,0.4,0.5,0.6000000000000001,0.7000000000000001,0.8,0.9
637,0.8,0.8,0.8,0.8,0.8,0.8,0.8,0.8,0.8,0.8,0.0,0.1,0.2,0.30000000000000004,0.4,0.5,0.6000000000000001,0.7000000000000001,0.8,0.9
638,0.8,0.8,0.8,0.8,0.8,0.8,0.8,0.8,0.9,0.9,0.0,0.1,0.2,0.30000000000000004,0.4,0.5,0.6000000000000001,0.7000000000000001,0.8,0.9
639,0.9,0.9,0.9,0.9,0.9,0.9,0.9,0.9,0.1,0.1,0.0,0.1,0.2,0.30000000000000004,0.4,0.5,0.6000000000000001,0.7000000000000001,0.8,0.9
640,0.9,0.9,0.9,0.9,0.9,0.9,0.9,0.9,0.2,0.2,0.0,0.1,0.2,0.30000000000000004,0.4,0.5,0.6000000000000001,0.7000000000000001,0.8,0.9
641,0.9,0.9,0.9,0.9,0.9,0.9,0.9,0.9,0.3,0.3,0.0,0.1,0.2,0.30000000000000004,0.4,0.5,0.6000000000000001,0.7000000000000001,0.8,0.9
642,0.9,0.9,0.9,0.9,0.9,0.9,0.9,0.9,0.4,0.4,0.0,0.1,0.2,0.30000000000000004,0.4,0.5,0.6000000000000001,0.7000000000000001,0.8,0.9
643,0.9,0.9,0.9,0.9,0.9,0.9,0.9,0.9,0.5,0.5,0.0,0.1,0.2,0.30000000000000004,0.4,0.5,0.6000000000000001,0.7000000000000001,0.8,0.9
644,0.9,0.9,0.9,0.9,0.9,0.9,0.9,0.9,0.6,0.6,0.0,0.1,0.2,0.30000000000000004,0.4,0.5,0.6000000000000001,0.7000000000000001,0.8,0.9
645,0.9,0.9,0.9,0.9,0.9,0.9,0.9,0.9,0.7,0.7,0.0,0.1,0.2,0.30000000000000004,0.4,0.5,0.6000000000000001,0.7000000000000001,0.8,0.9
646,0.9,0.9,0.9,0.9,0.9,0.9,0.9,0.9,0.8,0.8,0.0,0.1,0.2,0.30000000000000004,0.4,0.5,0.6000000000000001,0.7000000000000001,0.8,0.9
647,0.9,0.9,0.9,0.9,0.9,0.9,0.9,0.9,0.9,0.9,0.0,0.1,0.2,0.30000000000000004,0.4,0.5,0.6000000000000001,0.7000000000000001,0.8,0.9
648,0.1,0.1,0.1,0.1,0.1,0.1,0.1,0.1,0.1,0.1,0.0,0.1,0.2,0.30000000000000004,0.4,0.5,0.6000000000000001,0.7000000000000001,0.8,0.9
649,0.1,0.1,0.1,0.1,0.1,0.1,0.1,0.1,0.1,0.2,0.0,0.1,0.2,0.30000000000000004,0.4,0.5,0.6000000000000001,0.7000000000000001,0.8,0.9
650,0.1,0.1,0.1,0.1,0.1,0.1,0.1,0.1,0.1,0.3,0.0,0.1,0.2,0.30000000000000004,0.4,0.5,0.6000000000000001,0.7000000000000001,0.8,0.9
651,0.1,0.1,0.1,0.1,0.1,0.1,0.1,0.1,0.1,0.4,0.0,0.1,0.2,0.30000000000000004,0.4,0.5,0.6000000000000001,0.7000000000000001,0.8,0.9
652,0.1,0.1,0.1,0.1,0.1,0.1,0.1,0.1,0.1,0.5,0.0,0.1,0.2,0.30000000000000004,0.4,0.5,0.6000000000000001,0.7000000000000001,0.8,0.9
653,0.1,0.1,0.1,0.1,0.1,0.1,0.1,0.1,0.1,0.6,0.0,0.1,0.2,0.30000000000000004,0.4,0.5,0.6000000000000001,0.7000000000000001,0.8,0.9
654,0.1,0.1,0.1,0.1,0.1,0.1,0.1,0.1,0.1,0.7,0.0,0.1,0.2,0.30000000000000004,0.4,0.5,0.6000000000000001,0.7000000000000001,0.8,0.9
655,0.1,0.1,0.1,0.1,0.1,0.1,0.1,0.1,0.1,0.8,0.0,0.1,0.2,0.30000000000000004,0.4,0.5,0.6000000000000001,0.7000000000000001,0.8,0.9
656,0.1,0.1,0.1,0.1,0.1,0.1,0.1,0.1,0.1,0.9,0.0,0.1,0.2,0.30000000000000004,0.4,0.5,0.6000000000000001,0.7000000000000001,0.8,0.9
657,0.2,0.2,0.2,0.2,0.2,0.2,0.2,0.2,0.2,0.1,0.0,0.1,0.2,0.30000000000000004,0.4,0.5,0.6000000000000001,0.7000000000000001,0.8,0.9
658,0.2,0.2,0.2,0.2,0.2,0.2,0.2,0.2,0.2,0.2,0.0,0.1,0.2,0.30000000000000004,0.4,0.5,0.6000000000000001,0.7000000000000001,0.8,0.9
659,0.2,0.2,0.2,0.2,0.2,0.2,0.2,0.2,0.2,0.3,0.0,0.1,0.2,0.30000000000000004,0.4,0.5,0.6000000000000001,0.7000000000000001,0.8,0.9
660,0.2,0.2,0.2,0.2,0.2,0.2,0.2,0.2,0.2,0.4,0.0,0.1,0.2,0.30000000000000004,0.4,0.5,0.6000000000000001,0.7000000000000001,0.8,0.9
661,0.2,0.2,0.2,0.2,0.2,0.2,0.2,0.2,0.2,0.5,0.0,0.1,0.2,0.30000000000000004,0.4,0.5,0.6000000000000001,0.7000000000000001,0.8,0.9
662,0.2,0.2,0.2,0.2,0.2,0.2,0.2,0.2,0.2,0.6,0.0,0.1,0.2,0.30000000000000004,0.4,0.5,0.6000000000000001,0.7000000000000001,0.8,0.9
663,0.2,0.2,0.2,0.2,0.2,0.2,0.2,0.2,0.2,0.7,0.0,0.1,0.2,0.30000000000000004,0.4,0.5,0.6000000000000001,0.7000000000000001,0.8,0.9
664,0.2,0.2,0.2,0.2,0.2,0.2,0.2,0.2,0.2,0.8,0.0,0.1,0.2,0.30000000000000004,0.4,0.5,0.6000000000000001,0.7000000000000001,0.8,0.9
665,0.2,0.2,0.2,0.2,0.2,0.2,0.2,0.2,0.2,0.9,0.0,0.1,0.2,0.30000000000000004,0.4,0.5,0.6000000000000001,0.7000000000000001,0.8,0.9
666,0.3,0.3,0.3,0.3,0.3,0.3,0.3,0.3,0.3,0.1,0.0,0.1,0.2,0.30000000000000004,0.4,0.5,0.6000000000000001,0.7000000000000001,0.8,0.9
667,0.3,0.3,0.3,0.3,0.3,0.3,0.3,0.3,0.3,0.2,0.0,0.1,0.2,0.30000000000000004,0.4,0.5,0.6000000000000001,0.7000000000000001,0.8,0.9
668,0.3,0.3,0.3,0.3,0.3,0.3,0.3,0.3,0.3,0.3,0.0,0.1,0.2,0.30000000000000004,0.4,0.5,0.6000000000000001,0.7000000000000001,0.8,0.9
669,0.3,0.3,0.3,0.3,0.3,0.3,0.3,0.3,0.3,0.4,0.0,0.1,0.2,0.30000000000000004,0.4,0.5,0.6000000000000001,0.7000000000000001,0.8,0.9
670,0.3,0.3,0.3,0.3,0.3,0.3,0.3,0.3,0.3,0.5,0.0,0.1,0.2,0.30000000000000004,0.4,0.5,0.6000000000000001,0.7000000000000001,0.8,0.9
671,0.3,0.3,0.3,0.3,0.3,0.3,0.3,0.3,0.3,0.6,0.0,0.1,0.2,0.30000000000000004,0.4,0.5,0.6000000000000001,0.7000000000000001,0.8,0.9
672,0.3,0.3,0.3,0.3,0.3,0.3,0.3,0.3,0.3,0.7,0.0,0.1,0.2,0.30000000000000004,0.4,0.5,0.6000000000000001,0.7000000000000001,0.8,0.9
673,0.3,0.3,0.3,0.3,0.3,0.3,0.3,0.3,0.3,0.8,0.0,0.1,0.2,0.30000000000000004,0.4,0.5,0.6000000000000001,0.7000000000000001,0.8,0.9
674,0.3,0.3,0.3,0.3,0.3,0.3,0.3,0.3,0.3,0.9,0.0,0.1,0.2,0.30000000000000004,0.4,0.5,0.6000000000000001,0.7000000000000001,0.8,0.9
675,0.4,0.4,0.4,0.4,0.4,0.4,0.4,0.4,0.4,0.1,0.0,0.1,0.2,0.30000000000000004,0.4,0.5,0.6000000000000001,0.7000000000000001,0.8,0.9
676,0.4,0.4,0.4,0.4,0.4,0.4,0.4,0.4,0.4,0.2,0.0,0.1,0.2,0.30000000000000004,0.4,0.5,0.6000000000000001,0.7000000000000001,0.8,0.9
677,0.4,0.4,0.4,0.4,0.4,0.4,0.4,0.4,0.4,0.3,0.0,0.1,0.2,0.30000000000000004,0.4,0.5,0.6000000000000001,0.7000000000000001,0.8,0.9
678,0.4,0.4,0.4,0.4,0.4,0.4,0.4,0.4,0.4,0.4,0.0,0.1,0.2,0.30000000000000004,0.4,0.5,0.6000000000000001,0.7000000000000001,0.8,0.9
679,0.4,0.4,0.4,0.4,0.4,0.4,0.4,0.4,0.4,0.5,0.0,0.1,0.2,0.30000000000000004,0.4,0.5,0.6000000000000001,0.7000000000000001,0.8,0.9
680,0.4,0.4,0.4,0.4,0.4,0.4,0.4,0.4,0.4,0.6,0.0,0.1,0.2,0.30000000000000004,0.4,0.5,0.6000000000000001,0.7000000000000001,0.8,0.9
681,0.4,0.4,0.4,0.4,0.4,0.4,0.4,0.4,0.4,0.7,0.0,0.1,0.2,0.30000000000000004,0.4,0.5,0.6000000000000001,0.7000000000000001,0.8,0.9
682,0.4,0.4,0.4,0.4,0.4,0.4,0.4,0.4,0.4,0.8,0.0,0.1,0.2,0.30000000000000004,0.4,0.5,0.6000000000000001,0.7000000000000001,0.8,0.9
683,0.4,0.4,0.4,0.4,0.4,0.4,0.4,0.4,0.4,0.9,0.0,0.1,0.2,0.30000000000000004,0.4,0.5,0.6000000000000001,0.7000000000000001,0.8,0.9
684,0.5,0.5,0.5,0.5,0.5,0.5,0.5,0.5,0.5,0.1,0.0,0.1,0.2,0.30000000000000004,0.4,0.5,0.6000000000000001,0.7000000000000001,0.8,0.9
685,0.5,0.5,0.5,0.5,0.5,0.5,0.5,0.5,0.5,0.2,0.0,0.1,0.2,0.30000000000000004,0.4,0.5,0.6000000000000001,0.7000000000000001,0.8,0.9
686,0.5,0.5,0.5,0.5,0.5,0.5,0.5,0.5,0.5,0.3,0.0,0.1,0.2,0.30000000000000004,0.4,0.5,0.6000000000000001,0.7000000000000001,0.8,0.9
687,0.5,0.5,0.5,0.5,0.5,0.5,0.5,0.5,0.5,0.4,0.0,0.1,0.2,0.30000000000000004,0.4,0.5,0.6000000000000001,0.7000000000000001,0.8,0.9
688,0.5,0.5,0.5,0.5,0.5,0.5,0.5,0.5,0.5,0.5,0.0,0.1,0.2,0.30000000000000004,0.4,0.5,0.6000000000000001,0.7000000000000001,0.8,0.9
689,0.5,0.5,0.5,0.5,0.5,0.5,0.5,0.5,0.5,0.6,0.0,0.1,0.2,0.30000000000000004,0.4,0.5,0.6000000000000001,0.7000000000000001,0.8,0.9
690,0.5,0.5,0.5,0.5,0.5,0.5,0.5,0.5,0.5,0.7,0.0,0.1,0.2,0.30000000000000004,0.4,0.5,0.6000000000000001,0.7000000000000001,0.8,0.9
691,0.5,0.5,0.5,0.5,0.5,0.5,0.5,0.5,0.5,0.8,0.0,0.1,0.2,0.30000000000000004,0.4,0.5,0.6000000000000001,0.7000000000000001,0.8,0.9
692,0.5,0.5,0.5,0.5,0.5,0.5,0.5,0.5,0.5,0.9,0.0,0.1,0.2,0.30000000000000004,0.4,0.5,0.6000000000000001,0.7000000000000001,0.8,0.9
693,0.6,0.6,0.6,0.6,0.6,0.6,0.6,0.6,0.6,0.1,0.0,0.1,0.2,0.30000000000000004,0.4,0.5,0.6000000000000001,0.7000000000000001,0.8,0.9
694,0.6,0.6,0.6,0.6,0.6,0.6,0.6,0.6,0.6,0.2,0.0,0.1,0.2,0.30000000000000004,0.4,0.5,0.6000000000000001,0.7000000000000001,0.8,0.9
695,0.6,0.6,0.6,0.6,0.6,0.6,0.6,0.6,0.6,0.3,0.0,0.1,0.2,0.30000000000000004,0.4,0.5,0.6000000000000001,0.7000000000000001,0.8,0.9
696,0.6,0.6,0.6,0.6,0.6,0.6,0.6,0.6,0.6,0.4,0.0,0.1,0.2,0.30000000000000004,0.4,0.5,0.6000000000000001,0.7000000000000001,0.8,0.9
697,0.6,0.6,0.6,0.6,0.6,0.6,0.6,0.6,0.6,0.5,0.0,0.1,0.2,0.30000000000000004,0.4,0.5,0.6000000000000001,0.7000000000000001,0.8,0.9
698,0.6,0.6,0.6,0.6,0.6,0.6,0.6,0.6,0.6,0.6,0.0,0.1,0.2,0.30000000000000004,0.4,0.5,0.6000000000000001,0.7000000000000001,0.8,0.9
699,0.6,0.6,0.6,0.6,0.6,0.6,0.6,0.6,0.6,0.7,0.0,0.1,0.2,0.30000000000000004,0.4,0.5,0.6000000000000001,0.7000000000000001,0.8,0.9
700,0.6,0.6,0.6,0.6,0.6,0.6,0.6,0.6,0.6,0.8,0.0,0.1,0.2,0.30000000000000004,0.4,0.5,0.6000000000000001,0.7000000000000001,0.8,0.9
701,0.6,0.6,0.6,0.6,0.6,0.6,0.6,0.6,0.6,0.9,0.0,0.1,0.2,0.30000000000000004,0.4,0.5,0.6000000000000001,0.7000000000000001,0.8,0.9
702,0.7,0.7,0.7,0.7,0.7,0.7,0.7,0.7,0.7,0.1,0.0,0.1,0.2,0.30000000000000004,0.4,0.5,0.6000000000000001,0.7000000000000001,0.8,0.9
703,0.7,0.7,0.7,0.7,0.7,0.7,0.7,0.7,0.7,0.2,0.0,0.1,0.2,0.30000000000000004,0.4,0.5,0.6000000000000001,0.7000000000000001,0.8,0.9
704,0.7,0.7,0.7,0.7,0.7,0.7,0.7,0.7,0.7,0.3,0.0,0.1,0.2,0.30000000000000004,0.4,0.5,0.6000000000000001,0.7000000000000001,0.8,0.9
705,0.7,0.7,0.7,0.7,0.7,0.7,0.7,0.7,0.7,0.4,0.0,0.1,0.2,0.30000000000000004,0.4,0.5,0.6000000000000001,0.7000000000000001,0.8,0.9
706,0.7,0.7,0.7,0.7,0.7,0.7,0.7,0.7,0.7,0.5,0.0,0.1,0.2,0.30000000000000004,0.4,0.5,0.6000000000000001,0.7000000000000001,0.8,0.9
707,0.7,0.7,0.7,0.7,0.7,0.7,0.7,0.7,0.7,0.6,0.0,0.1,0.2,0.30000000000000004,0.4,0.5,0.6000000000000001,0.7000000000000001,0.8,0.9
708,0.7,0.7,0.7,0.7,0.7,0.7,0.7,0.7,0.7,0.7,0.0,0.1,0.2,0.30000000000000004,0.4,0.5,0.6000000000000001,0.7000000000000001,0.8,0.9
709,0.7,0.7,0.7,0.7,0.7,0.7,0.7,0.7,0.7,0.8,0.0,0.1,0.2,0.30000000000000004,0.4,0.5,0.6000000000000001,0.7000000000000001,0.8,0.9
710,0.7,0.7,0.7,0.7,0.7,0.7,0.7,0.7,0.7,0.9,0.0,0.1,0.2,0.30000000000000004,0.4,0.5,0.6000000000000001,0.7000000000000001,0.8,0.9
711,0.8,0.8,0.8,0.8,0.8,0.8,0.8,0.8,0.8,0.1,0.0,0.1,0.2,0.30000000000000004,0.4,0.5,0.6000000000000001,0.7000000000000001,0.8,0.9
712,0.8,0.8,0.8,0.8,0.8,0.8,0.8,0.8,0.8,0.2,0.0,0.1,0.2,0.30000000000000004,0.4,0.5,0.6000000000000001,0.7000000000000001,0.8,0.9
713,0.8,0.8,0.8,0.8,0.8,0.8,0.8,0.8,0.8,0.3,0.0,0.1,0.2,0.30000000000000004,0.4,0.5,0.6000000000000001,0.7000000000000001,0.8,0.9
714,0.8,0.8,0.8,0.8,0.8,0.8,0.8,0.8,0.8,0.4,0.0,0.1,0.2,0.30000000000000004,0.4,0.5,0.6000000000000001,0.7000000000000001,0.8,0.9
715,0.8,0.8,0.8,0.8,0.8,0.8,0.8,0.8,0.8,0.5,0.0,0.1,0.2,0.30000000000000004,0.4,0.5,0.6000000000000001,0.7000000000000001,0.8,0.9
716,0.8,0.8,0.8,0.8,0.8,0.8,0.8,0.8,0.8,0.6,0.0,0.1,0.2,0.30000000000000004,0.4,0.5,0.6000000000000001,0.7000000000000001,0.8,0.9
717,0.8,0.8,0.8,0.8,0.8,0.8,0.8,0.8,0.8,0.7,0.0,0.1,0.2,0.30000000000000004,0.4,0.5,0.6000000000000001,0.7000000000000001,0.8,0.9
718,0.8,0.8,0.8,0.8,0.8,0.8,0.8,0.8,0.8,0.8,0.0,0.1,0.2,0.30000000000000004,0.4,0.5,0.6000000000000001,0.7000000000000001,0.8,0.9
719,0.8,0.8,0.8,0.8,0.8,0.8,0.8,0.8,0.8,0.9,0.0,0.1,0.2,0.30000000000000004,0.4,0.5,0.6000000000000001,0.7000000000000001,0.8,0.9
720,0.9,0.9,0.9,0.9,0.9,0.9,0.9,0.9,0.9,0.1,0.0,0.1,0.2,0.30000000000000004,0.4,0.5,0.6000000000000001,0.7000000000000001,0.8,0.9
721,0.9,0.9,0.9,0.9,0.9,0.9,0.9,0.9,0.9,0.2,0.0,0.1,0.2,0.30000000000000004,0.4,0.5,0.6000000000000001,0.7000000000000001,0.8,0.9
722,0.9,0.9,0.9,0.9,0.9,0.9,0.9,0.9,0.9,0.3,0.0,0.1,0.2,0.30000000000000004,0.4,0.5,0.6000000000000001,0.7000000000000001,0.8,0.9
723,0.9,0.9,0.9,0.9,0.9,0.9,0.9,0.9,0.9,0.4,0.0,0.1,0.2,0.30000000000000004,0.4,0.5,0.6000000000000001,0.7000000000000001,0.8,0.9
724,0.9,0.9,0.9,0.9,0.9,0.9,0.9,0.9,0.9,0.5,0.0,0.1,0.2,0.30000000000000004,0.4,0.5,0.6000000000000001,0.7000000000000001,0.8,0.9
725,0.9,0.9,0.9,0.9,0.9,0.9,0.9,0.9,0.9,0.6,0.0,0.1,0.2,0.30000000000000004,0.4,0.5,0.6000000000000001,0.7000000000000001,0.8,0.9
726,0.9,0.9,0.9,0.9,0.9,0.9,0.9,0.9,0.9,0.7,0.0,0.1,0.2,0.30000000000000004,0.4,0.5,0.6000000000000001,0.7000000000000001,0.8,0.9
727,0.9,0.9,0.9,0.9,0.9,0.9,0.9,0.9,0.9,0.8,0.0,0.1,0.2,0.30000000000000004,0.4,0.5,0.6000000000000001,0.7000000000000001,0.8,0.9
728,0.9,0.9,0.9,0.9,0.9,0.9,0.9,0.9,0.9,0.9,0.0,0.1,0.2,0.30000000000000004,0.4,0.5,0.6000000000000001,0.7000000000000001,0.8,0.9
